Date.Time,Year,Month,Mean.Max.Temp.C.,Mean.Min.Temp.C.,Mean.Temp.C.,Total.Rain.mm.,Total.Snow.cm.,Total.Precip.mm.
1889-11-01,1889,11,4.6,-2.2,1.2,49.5,20.3,69.9
1889-12-01,1889,12,-1.7,-9.6,-5.7,49.5,18.8,68.3
1890-01-01,1890,01,-4.2,-15.5,-9.9,44.5,54.6,99.1
1890-02-01,1890,02,-3.7,-13.9,-8.8,48.3,49.8,98
1890-03-01,1890,03,-0.3,-9.3,-4.8,18.8,21.1,39.9
1890-04-01,1890,04,9.9,-1.2,4.4,46,0,46
1890-05-01,1890,05,16.3,4.8,10.6,54.4,0,54.4
1890-06-01,1890,06,24.2,12.3,18.3,59.2,0,59.2
1890-07-01,1890,07,26.4,14.2,20.3,74.9,0,74.9
1890-08-01,1890,08,23.5,12.3,17.9,129,0,129
1890-09-01,1890,09,20.1,8.1,14.1,46.7,0,46.7
1890-10-01,1890,10,12,3.6,7.8,54.4,0,54.4
1890-11-01,1890,11,3.9,-4.2,-0.2,59.9,5.6,65.5
1890-12-01,1890,12,-8.4,-18.7,-13.6,5.3,54.6,59.9
1891-01-01,1891,01,-5.7,-14.3,-10,16.3,58.4,74.7
1891-02-01,1891,02,-4.1,-15.4,-9.8,14.5,76.7,91.2
1891-03-01,1891,03,0.3,-8.6,-4.2,73.4,22.9,96.3
1891-04-01,1891,04,11.3,1.1,6.2,71.4,0,71.4
1891-05-01,1891,05,18.9,4.7,11.8,13,0,13
1891-06-01,1891,06,26.3,12.2,19.3,77.5,0,77.5
1891-07-01,1891,07,23.8,12.3,18.1,228.1,0,228.1
1891-08-01,1891,08,24.8,13.4,19.1,99.6,0,99.6
1891-09-01,1891,09,23.1,10.6,16.9,34.8,0,34.8
1891-10-01,1891,10,12.2,1.9,7.1,58.9,0,58.9
1891-11-01,1891,11,5.4,-3.7,0.9,48.8,8.4,57.2
1891-12-01,1891,12,1.9,-6.1,-2.1,36.1,24.1,60.2
1892-01-01,1892,01,-6.4,-16.4,-11.4,5.6,78.7,84.3
1892-02-01,1892,02,-3.9,-13.9,-8.9,0,63.5,63.5
1892-03-01,1892,03,-0.9,-10.8,-5.9,5.6,58.4,64
1892-04-01,1892,04,10.4,-0.8,4.8,41.4,5.1,46.5
1892-05-01,1892,05,17.3,5.9,11.6,43.2,0,43.2
1892-06-01,1892,06,24.1,13,18.6,157.2,0,157.2
1892-07-01,1892,07,27.4,14,20.7,71.6,0,71.6
1892-08-01,1892,08,24.8,14,19.4,106.9,0,106.9
1892-09-01,1892,09,20.7,8.4,14.6,52.3,0,52.3
1892-10-01,1892,10,11.9,3,7.5,37.1,0,37.1
1892-11-01,1892,11,1.8,-3.7,-1,61.2,27.9,89.2
1892-12-01,1892,12,-5.3,-12.7,-9,4.6,43.2,47.8
1893-01-01,1893,01,-11.3,-20.8,-16.1,0,76.2,76.2
1893-02-01,1893,02,-7.3,-18.6,-13,13.2,66,79.2
1893-03-01,1893,03,0.1,-10,-5,26.4,6.4,32.8
1893-04-01,1893,04,7.9,-2.4,2.8,60.5,15,75.4
1893-05-01,1893,05,18.1,6.7,12.4,119.1,0,119.1
1893-06-01,1893,06,26.1,14.6,20.4,111.8,0,111.8
1893-07-01,1893,07,25.9,13.8,19.9,144,0,144
1893-08-01,1893,08,25.5,13.4,19.5,204.2,0,204.2
1893-09-01,1893,09,17.3,7,12.2,82.3,0,82.3
1893-10-01,1893,10,14.9,3.8,9.4,30,0,30
1893-11-01,1893,11,4.4,-3.4,0.5,36.3,12.7,49
1893-12-01,1893,12,-5.8,-17.5,-11.7,13,111.8,124.7
1894-01-01,1894,01,-5.1,-16.1,-10.6,14,83.8,97.8
1894-02-01,1894,02,-5.7,-18.1,-11.9,0.8,16.5,17.3
1894-03-01,1894,03,3.7,-4.7,-0.5,26.7,15.2,41.9
1894-04-01,1894,04,13.9,1.8,7.9,19.6,0,19.6
1894-05-01,1894,05,18.8,7.3,13.1,87.9,0,87.9
1894-06-01,1894,06,24.7,13.2,19,136.1,0,136.1
1894-07-01,1894,07,26.6,14.5,20.6,90.7,0,90.7
1894-08-01,1894,08,23.1,11.1,17.1,37.1,0,37.1
1894-09-01,1894,09,21.9,9.8,15.9,51.1,0,51.1
1894-10-01,1894,10,13.1,5.1,9.1,91.4,0,91.4
1894-11-01,1894,11,2.1,-4.9,-1.4,35.6,24.1,59.7
1894-12-01,1894,12,-2.2,-10.2,-6.2,12.2,38.1,50.3
1895-01-01,1895,01,-6,-16.5,-11.3,0,97.8,97.8
1895-02-01,1895,02,-6.1,-15.6,-10.9,0,49.5,49.5
1895-03-01,1895,03,-1.1,-12.1,-6.6,0,22.6,22.6
1895-04-01,1895,04,10.7,0.2,5.5,65.5,0,65.5
1895-05-01,1895,05,21.2,7.8,14.5,89.9,0,89.9
1895-06-01,1895,06,27.2,14.5,20.9,143.5,0,143.5
1895-07-01,1895,07,25,12.9,19,79.5,0,79.5
1895-08-01,1895,08,24.8,12.4,18.6,82,0,82
1895-09-01,1895,09,21.6,9.6,15.6,42.7,0,42.7
1895-10-01,1895,10,10.3,-0.8,4.8,10.4,0,10.4
1895-11-01,1895,11,5.2,-3.9,0.7,47.2,15.2,62.5
1895-12-01,1895,12,-1.8,-11.5,-6.7,58.2,19.1,77.2
1896-01-01,1896,01,-7.8,-15.3,-11.6,0,58.4,58.4
1896-02-01,1896,02,-5.9,-15.2,-10.6,5.6,96.8,102.4
1896-03-01,1896,03,-2.2,-12.6,-7.4,33.5,52.1,85.6
1896-04-01,1896,04,12.6,0.7,6.7,14.5,6.9,21.3
1896-05-01,1896,05,21.6,8.7,15.2,57.4,0,57.4
1896-06-01,1896,06,24.1,11.7,17.9,84.8,0,84.8
1896-07-01,1896,07,26.4,14.7,20.6,77.2,0,77.2
1896-08-01,1896,08,25.9,13,19.5,99.3,0,99.3
1896-09-01,1896,09,18.9,8,13.5,86.9,0,86.9
1896-10-01,1896,10,10.6,1.8,6.2,27.2,4.3,31.5
1896-11-01,1896,11,5.7,-2.5,1.6,45.5,13.5,58.9
1896-12-01,1896,12,-4,-12.6,-8.3,0,31.8,31.8
1897-01-01,1897,01,-5.5,-14.8,-10.2,9.7,39.4,49
1897-02-01,1897,02,-3.3,-13.1,-8.2,8.9,39.9,48.8
1897-03-01,1897,03,0.7,-8.6,-4,38.4,72.6,111
1897-04-01,1897,04,12.2,0.2,6.2,41.1,5.1,46.2
1897-05-01,1897,05,18.3,6.8,12.6,84.1,0,84.1
1897-06-01,1897,06,22.6,10.8,16.7,77,0,77
1897-07-01,1897,07,27.9,16.9,22.4,132.3,0,132.3
1897-08-01,1897,08,23.6,12.2,17.9,86.4,0,86.4
1897-09-01,1897,09,21.8,8.8,15.3,11.4,0,11.4
1897-10-01,1897,10,15.1,2.4,8.8,17.5,0,17.5
1897-11-01,1897,11,2.4,-4.6,-1.1,55.6,14.7,70.4
1897-12-01,1897,12,-3.7,-12.4,-8.1,46.7,58.2,104.9
1898-01-01,1898,01,-6.4,-17.3,-11.9,16.8,92.5,109.2
1898-02-01,1898,02,-2.8,-11.6,-7.2,22.9,87.1,110
1898-03-01,1898,03,5.8,-3.8,1,54.1,0,54.1
1898-04-01,1898,04,12.8,-0.1,6.4,14,5.1,19.1
1898-05-01,1898,05,19.9,8.4,14.2,62.5,0,62.5
1898-06-01,1898,06,24.9,13.2,19.1,56.9,0,56.9
1898-07-01,1898,07,28.3,14.7,21.5,72.9,0,72.9
1898-08-01,1898,08,25.3,14.2,19.8,81.8,0,81.8
1898-09-01,1898,09,22.4,9.9,16.2,88.4,0,88.4
1898-10-01,1898,10,12.3,4.1,8.2,144.3,0,144.3
1898-11-01,1898,11,4.6,-3.7,0.5,9.1,27.2,36.3
1898-12-01,1898,12,-3.2,-12.6,-7.9,10.4,69.1,79.5
1899-01-01,1899,01,-4.1,-16.5,-10.3,28.7,26.7,55.4
1899-02-01,1899,02,-5.9,-15.8,-10.9,7.4,14.5,21.8
1899-03-01,1899,03,-1,-10.3,-5.7,28.7,113.3,142
1899-04-01,1899,04,11.2,0.2,5.7,26.2,0,26.2
1899-05-01,1899,05,20.6,7.8,14.2,119.9,0,119.9
1899-06-01,1899,06,24.9,12.6,18.8,75.4,0,75.4
1899-07-01,1899,07,25.8,14.1,20,250.2,0,250.2
1899-08-01,1899,08,27.7,13.9,20.8,9.7,0,9.7
1899-09-01,1899,09,18.7,7.8,13.3,141.5,0,141.5
1899-10-01,1899,10,13.5,4.2,8.9,68.8,0,68.8
1899-11-01,1899,11,4.3,-1.9,1.2,48.3,1.3,49.5
1899-12-01,1899,12,-1.6,-9.2,-5.4,56.4,39.9,96.3
1900-01-01,1900,01,-3.3,-15.7,-9.5,13.7,37.8,51.6
1900-02-01,1900,02,-4.1,-13.6,-8.9,49.5,37.3,86.9
1900-03-01,1900,03,-2.5,-13.7,-8.1,2,101.6,103.6
1900-04-01,1900,04,12.9,1.2,7.1,28.4,0,28.4
1900-05-01,1900,05,18.9,4.7,11.8,94,0,94
1900-06-01,1900,06,25.7,12.9,19.3,97.3,0,97.3
1900-07-01,1900,07,25.9,14.7,20.3,163.8,0,163.8
1900-08-01,1900,08,26.5,14.3,20.4,72.1,0,72.1
1900-09-01,1900,09,21.4,10.6,16,105.4,0,105.4
1900-10-01,1900,10,18.1,6.2,12.2,40.9,0,40.9
1900-11-01,1900,11,4.5,-3.2,0.7,76.2,43.2,119.4
1900-12-01,1900,12,-4.1,-13.2,-8.7,5.3,53.8,59.2
1901-01-01,1901,01,-6.1,-17.4,-11.8,4.3,82.6,86.9
1901-02-01,1901,02,-6.8,-17.4,-12.1,0,35.6,35.6
1901-03-01,1901,03,0.2,-9.4,-4.6,41.9,56.4,98.3
1901-04-01,1901,04,13.2,2.6,7.9,97,3.8,100.8
1901-05-01,1901,05,19.4,8.1,13.8,110.7,0,110.7
1901-06-01,1901,06,25.9,13.1,19.5,96.3,0,96.3
1901-07-01,1901,07,28.1,15.5,21.8,112.8,0,112.8
1901-08-01,1901,08,26.4,13.9,20.2,79.2,0,79.2
1901-09-01,1901,09,21.7,9.7,15.7,75.7,0,75.7
1901-10-01,1901,10,13.8,3.4,8.6,41.4,0,41.4
1901-11-01,1901,11,1.5,-5.7,-2.1,33,34.8,67.8
1901-12-01,1901,12,-3.2,-11.5,-7.4,49.5,33.3,82.8
1902-01-01,1902,01,-6.4,-17,-11.7,20.1,101.6,121.7
1902-02-01,1902,02,-4.4,-14.4,-9.4,1.8,55.1,56.9
1902-03-01,1902,03,5.4,-3.6,0.9,88.9,3,91.9
1902-04-01,1902,04,13.4,1.5,7.5,74.4,0,74.4
1902-05-01,1902,05,18.4,5.8,12.1,41.1,0,41.1
1902-06-01,1902,06,22.1,9.8,16,106.4,0,106.4
1902-07-01,1902,07,26.9,13.9,20.4,102.4,0,102.4
1902-08-01,1902,08,24.7,11.8,18.3,46.2,0,46.2
1902-09-01,1902,09,21.6,10,15.8,45.5,0,45.5
1902-10-01,1902,10,11.1,1.3,6.2,78.2,2.5,80.8
1902-11-01,1902,11,7.1,-1.4,2.9,36.8,12.7,49.5
1902-12-01,1902,12,-5.2,-15,-10.1,17,83.1,100.1
1903-01-01,1903,01,-6.5,-16.4,-11.5,9.1,57.2,66.3
1903-02-01,1903,02,-4.1,-13.3,-8.7,32.8,68.6,101.3
1903-03-01,1903,03,5.4,-3.6,0.9,42.9,1,43.9
1903-04-01,1903,04,13.1,0.1,6.6,21.6,7.6,29.2
1903-05-01,1903,05,23.3,6.6,15,6.1,0,6.1
1903-06-01,1903,06,23.3,10.6,17,185.4,0,185.4
1903-07-01,1903,07,25.2,14.6,19.9,102.1,0,102.1
1903-08-01,1903,08,22.2,10.7,16.5,109.5,0,109.5
1903-09-01,1903,09,21.6,8.6,15.1,57.2,0,57.2
1903-10-01,1903,10,14.2,3.7,9,88.9,0,88.9
1903-11-01,1903,11,3.1,-5.3,-1.1,15.7,11.4,27.2
1903-12-01,1903,12,-6.4,-17.3,-11.9,0,69.3,69.3
1904-01-01,1904,01,-10.1,-20.5,-15.3,0,103.1,103.1
1904-02-01,1904,02,-9.3,-20.9,-15.1,9.9,61,70.9
1904-03-01,1904,03,0.3,-9.7,-4.7,53.1,34.8,87.9
1904-04-01,1904,04,8.4,-1.1,3.7,85.3,15.2,100.6
1904-05-01,1904,05,21.8,8.2,15,90.2,0,90.2
1904-06-01,1904,06,24.4,12.1,18.3,71.1,0,71.1
1904-07-01,1904,07,26,13.5,19.8,84.1,0,84.1
1904-08-01,1904,08,24.4,11.4,17.9,71.1,0,71.1
1904-09-01,1904,09,18.3,7.4,12.9,139.7,0,139.7
1904-10-01,1904,10,11.8,1.5,6.7,45.7,0,45.7
1904-11-01,1904,11,2.4,-5.6,-1.6,10.4,11.9,22.4
1904-12-01,1904,12,-8.5,-18.4,-13.5,0,49.3,49.3
1905-01-01,1905,01,-8.4,-19.8,-14.1,0,86.1,86.1
1905-02-01,1905,02,-7.6,-19,-13.3,0,58.4,58.4
1905-03-01,1905,03,0.6,-11.4,-5.4,20.6,10.2,30.7
1905-04-01,1905,04,11.4,-1.3,5.1,22.6,2.5,25.1
1905-05-01,1905,05,18.8,5.8,12.3,48.3,0,48.3
1905-06-01,1905,06,24.3,11.5,17.9,117.6,0,117.6
1905-07-01,1905,07,26.4,14.8,20.6,120.9,0,120.9
1905-08-01,1905,08,25,12,18.5,103.1,0,103.1
1905-09-01,1905,09,20.8,8.9,14.9,71.9,0,71.9
1905-10-01,1905,10,13.2,1.7,7.5,61.7,1.3,63
1905-11-01,1905,11,3.4,-5.1,-0.9,14.2,20.8,35.1
1905-12-01,1905,12,-1.9,-11.4,-6.7,21.1,41.7,62.7
1906-01-01,1906,01,-1.8,-12.1,-7,6.6,23.4,30
1906-02-01,1906,02,-3.8,-15.9,-9.9,16.8,19.6,36.3
1906-03-01,1906,03,-0.6,-10.6,-5.6,24.9,18.8,43.7
1906-04-01,1906,04,12.4,-0.2,6.1,19.8,4.3,24.1
1906-05-01,1906,05,18.3,4.5,11.4,47.8,0,47.8
1906-06-01,1906,06,25.5,12.2,18.9,123.2,0,123.2
1906-07-01,1906,07,28,13.3,20.7,40.1,0,40.1
1906-08-01,1906,08,28.9,13.9,21.4,61.7,0,61.7
1906-09-01,1906,09,24.3,8.9,16.6,64.3,0,64.3
1906-10-01,1906,10,13.6,2.1,7.9,90.4,0,90.4
1906-11-01,1906,11,3.5,-4.6,-0.6,25.7,19.6,45.2
1906-12-01,1906,12,-6.3,-15.9,-11.1,21.3,55.1,76.5
1907-01-01,1907,01,-7.7,-17.7,-12.7,18.3,31.5,49.8
1907-02-01,1907,02,-7.8,-20.1,-14,0,43.7,43.7
1907-03-01,1907,03,2,-8.6,-3.3,39.4,29,68.3
1907-04-01,1907,04,7.6,-2.7,2.5,65.8,18.3,84.1
1907-05-01,1907,05,15.6,2.4,9,39.6,19.1,58.7
1907-06-01,1907,06,25.5,11.3,18.4,55.9,0,55.9
1907-07-01,1907,07,26.3,13.1,19.7,94.7,0,94.7
1907-08-01,1907,08,25.1,9.4,17.3,28.7,0,28.7
1907-09-01,1907,09,19.7,9.1,14.4,84.3,0,84.3
1907-10-01,1907,10,10.8,-0.2,5.3,67.6,3.6,71.1
1907-11-01,1907,11,3.7,-3.9,-0.1,85.6,14,99.6
1907-12-01,1907,12,-1.6,-8.6,-5.1,20.6,87.9,108.5
1908-01-01,1908,01,-5.9,-18.3,-12.1,3.3,76.7,80
1908-02-01,1908,02,-6.9,-17.9,-12.4,24.4,89.4,113.8
1908-03-01,1908,03,0.1,-10.1,-5,56.9,33.5,90.4
1908-04-01,1908,04,7.6,-2.3,2.7,34,10.2,44.2
1908-05-01,1908,05,20.2,8.8,14.5,138.7,0,138.7
1908-06-01,1908,06,26.4,11.6,19,33.3,0,33.3
1908-07-01,1908,07,28.5,15.3,21.9,70.4,0,70.4
1908-08-01,1908,08,26.2,12.1,19.2,43.7,0,43.7
1908-09-01,1908,09,25.1,10,17.6,25.4,0,25.4
1908-10-01,1908,10,15.6,3.6,9.6,57.9,0,57.9
1908-11-01,1908,11,3.8,-2.4,0.7,37.6,25.1,62.7
1908-12-01,1908,12,-4.7,-14.9,-9.8,5.3,105.9,111.3
1909-01-01,1909,01,-5.5,-15.3,-10.4,62.5,30.2,92.7
1909-02-01,1909,02,-3.8,-14.4,-9.1,18.3,41.1,59.4
1909-03-01,1909,03,0.5,-9.3,-4.4,35.1,61,96
1909-04-01,1909,04,7.8,-1.7,3.1,75.2,19.1,94.2
1909-05-01,1909,05,17.3,6.7,12,148.3,0,148.3
1909-06-01,1909,06,25.4,11.9,18.7,64,0,64
1909-07-01,1909,07,25.2,13.9,19.6,119.1,0,119.1
1909-08-01,1909,08,26.7,13.2,20,79,0,79
1909-09-01,1909,09,19.9,8.9,14.4,71.4,0,71.4
1909-10-01,1909,10,12.1,2.7,7.4,28.2,0,28.2
1909-11-01,1909,11,5.9,-1.9,2,74.4,6.4,80.8
1909-12-01,1909,12,-4.3,-10.3,-7.3,0,37.8,37.8
1910-01-01,1910,01,-3.4,-12.2,-7.8,34.5,23.9,58.4
1910-02-01,1910,02,-5.3,-15.9,-10.6,2,56.4,58.4
1910-03-01,1910,03,5.9,-4.1,0.9,25.1,11.4,36.6
1910-04-01,1910,04,14.4,3.2,8.8,52.3,0,52.3
1910-05-01,1910,05,17.9,6.7,12.3,47.2,0,47.2
1910-06-01,1910,06,24.6,11.8,18.2,31.5,0,31.5
1910-07-01,1910,07,27.7,15,21.4,60.5,0,60.5
1910-08-01,1910,08,25.5,13.1,19.3,109.7,0,109.7
1910-09-01,1910,09,19.2,7.1,13.2,52.3,0,52.3
1910-10-01,1910,10,12.9,3.4,8.2,93.7,1.8,95.5
1910-11-01,1910,11,2.8,-2.4,0.2,21.6,23.9,45.5
1910-12-01,1910,12,-6.6,-15.8,-11.2,0,41.7,41.7
1911-01-01,1911,01,-5,-17.9,-11.5,0.5,39.1,39.6
1911-02-01,1911,02,-5.8,-15.9,-10.9,5.1,66.5,71.6
1911-03-01,1911,03,-0.3,-11.1,-5.7,6.6,49.8,56.4
1911-04-01,1911,04,10.1,-1.9,4.1,27.2,10.2,37.3
1911-05-01,1911,05,24.6,9.9,17.3,71.1,0,71.1
1911-06-01,1911,06,23.7,12.6,18.2,92.5,0,92.5
1911-07-01,1911,07,28.9,14.9,21.9,70.9,0,70.9
1911-08-01,1911,08,28.2,14.4,21.3,37.3,0,37.3
1911-09-01,1911,09,19.8,7.9,13.9,75.7,0,75.7
1911-10-01,1911,10,13.6,3.3,8.5,53.3,0.8,54.1
1911-11-01,1911,11,3,-4.7,-0.9,43.9,30.5,74.4
1911-12-01,1911,12,-0.1,-6.3,-3.2,33.3,34.8,68.1
1912-01-01,1912,01,-11.8,-21.2,-16.5,2.8,63.2,66
1912-02-01,1912,02,-6.1,-16.1,-11.1,1.8,75.4,77.2
1912-03-01,1912,03,-1.1,-12.9,-7,0.5,35.6,36.1
1912-04-01,1912,04,9.6,-1.7,4,66,5.1,71.1
1912-05-01,1912,05,19.2,7.8,13.5,132.1,0,132.1
1912-06-01,1912,06,23.1,9.8,16.5,34.3,0,34.3
1912-07-01,1912,07,27.3,13.9,20.6,98.8,0,98.8
1912-08-01,1912,08,22.2,11.8,17,125.5,0,125.5
1912-09-01,1912,09,18.9,9.9,14.4,101.9,0,101.9
1912-10-01,1912,10,14.7,4.2,9.5,62.7,0,62.7
1912-11-01,1912,11,4.9,-2.3,1.3,65.8,58.4,124.2
1912-12-01,1912,12,-0.7,-9.7,-5.2,29.7,25.4,55.1
1913-01-01,1913,01,-1.2,-11,-6.1,55.1,60.2,115.3
1913-02-01,1913,02,-6.1,-17.7,-11.9,0,59.7,59.7
1913-03-01,1913,03,1.7,-8.1,-3.2,55.9,61.5,117.3
1913-04-01,1913,04,13.6,1.3,7.5,50.8,0,50.8
1913-05-01,1913,05,18.3,5.9,12.1,60.7,0,60.7
1913-06-01,1913,06,25.4,10.4,17.9,20.8,0,20.8
1913-07-01,1913,07,28.2,14.2,21.2,58.4,0,58.4
1913-08-01,1913,08,26.1,12.8,19.5,79.5,0,79.5
1913-09-01,1913,09,19.9,7.7,13.8,68.3,0,68.3
1913-10-01,1913,10,14.9,5.8,10.4,103.6,0,103.6
1913-11-01,1913,11,7.3,-0.8,3.3,63,5.1,68.1
1913-12-01,1913,12,-0.4,-8.1,-4.3,14.7,43.2,57.9
1914-01-01,1914,01,-6.2,-16.6,-11.4,16.3,77.2,93.5
1914-02-01,1914,02,-8.3,-20.3,-14.3,0,27.9,27.9
1914-03-01,1914,03,0.6,-8.2,-3.8,10.2,24.4,34.5
1914-04-01,1914,04,8.9,-1.3,3.8,52.6,10.2,62.7
1914-05-01,1914,05,23.2,7.4,15.3,7.6,0,7.6
1914-06-01,1914,06,24,10.6,17.3,56.1,0,56.1
1914-07-01,1914,07,27.1,13.8,20.5,35.8,0,35.8
1914-08-01,1914,08,25.3,12.1,18.7,60.5,0,60.5
1914-09-01,1914,09,21,8,14.5,53.1,0,53.1
1914-10-01,1914,10,14.7,4.5,9.6,47,0,47
1914-11-01,1914,11,3.1,-4.9,-0.9,43.2,45.7,88.9
1914-12-01,1914,12,-4,-12.8,-8.4,16.8,45.7,62.5
1915-01-01,1915,01,-5.1,-14.1,-9.6,24.6,54.6,79.2
1915-02-01,1915,02,-2.8,-11.2,-7,17.5,38.9,56.4
1915-03-01,1915,03,1.3,-7.9,-3.3,11.9,5.1,17
1915-04-01,1915,04,16.1,3.6,9.9,25.1,0,25.1
1915-05-01,1915,05,17.3,4.8,11.1,47.2,0,47.2
1915-06-01,1915,06,24.9,11.4,18.2,74.7,0,74.7
1915-07-01,1915,07,27,13.8,20.4,53.8,0,53.8
1915-08-01,1915,08,23.1,13.1,18.1,180.1,0,180.1
1915-09-01,1915,09,21.8,10.6,16.2,72.9,0,72.9
1915-10-01,1915,10,14.4,4.7,9.6,33,0,33
1915-11-01,1915,11,5.1,-1.6,1.8,28.2,1.3,29.5
1915-12-01,1915,12,-2.7,-9.8,-6.3,9.1,97.8,106.9
1916-01-01,1916,01,-3.1,-13.7,-8.4,51.3,55.4,106.7
1916-02-01,1916,02,-6.8,-15.8,-11.3,0,108,108
1916-03-01,1916,03,-2.5,-13.6,-8.1,0,68.1,68.1
1916-04-01,1916,04,11.1,-4.2,3.5,41.9,26.7,68.6
1916-05-01,1916,05,17.3,7.2,12.3,175,0,175
1916-06-01,1916,06,22.1,11.6,16.9,107.7,0,107.7
1916-07-01,1916,07,30.3,17.2,23.8,38.1,0,38.1
1916-08-01,1916,08,28.3,14.3,21.3,43.9,0,43.9
1916-09-01,1916,09,20.3,9.6,15,80,0,80
1916-10-01,1916,10,13.2,2.2,7.7,74.2,0,74.2
1916-11-01,1916,11,3.3,-4.3,-0.5,46.5,8.4,54.9
1916-12-01,1916,12,-4.7,-12.3,-8.5,15.2,47.8,63
1917-01-01,1917,01,-7.9,-17.3,-12.6,2.8,100.6,103.4
1917-02-01,1917,02,-8.4,-20.2,-14.3,0,49.8,49.8
1917-03-01,1917,03,0.3,-9.1,-4.4,15,81.5,96.5
1917-04-01,1917,04,8.9,-0.3,4.3,52.1,10.2,62.2
1917-05-01,1917,05,14.8,4,9.4,46.5,0,46.5
1917-06-01,1917,06,23.1,11.7,17.4,65.5,0,65.5
1917-07-01,1917,07,27.2,15.8,21.5,72.9,0,72.9
1917-08-01,1917,08,25.8,14.1,20,86.4,0,86.4
1917-09-01,1917,09,20.1,7.3,13.7,30.5,0,30.5
1917-10-01,1917,10,9.6,2.1,5.9,131.6,0,131.6
1917-11-01,1917,11,1.7,-6,-2.2,8.9,26.7,35.6
1917-12-01,1917,12,-9.4,-18.7,-14.1,6.6,68.6,75.2
1918-01-01,1918,01,-11.1,-19,-15.1,0,80.3,80.3
1918-02-01,1918,02,-6.7,-18.8,-12.8,21.8,60.5,82.3
1918-03-01,1918,03,1.2,-8.6,-3.7,0,49,49
1918-04-01,1918,04,12.4,-0.2,6.1,28.2,7.6,35.8
1918-05-01,1918,05,20.6,7.7,14.2,45.7,0,45.7
1918-06-01,1918,06,23.1,10.1,16.6,79.5,0,79.5
1918-07-01,1918,07,27.3,14.9,21.1,85.9,0,85.9
1918-08-01,1918,08,26.2,13.4,19.8,74.2,0,74.2
1918-09-01,1918,09,16.9,7.5,12.2,142.7,0,142.7
1918-10-01,1918,10,13,3.8,8.4,131.3,0,131.3
1918-11-01,1918,11,5.1,-1.7,1.7,55.1,8.9,64
1918-12-01,1918,12,-3.4,-10.2,-6.8,34,50.8,84.8
1919-01-01,1919,01,-3.8,-12.8,-8.3,19.6,45.5,65
1919-02-01,1919,02,-3.4,-12.5,-8,1,39.4,40.4
1919-03-01,1919,03,1.6,-8.4,-3.4,43.9,69.9,113.8
1919-04-01,1919,04,8.6,-1.1,3.8,71.9,11.4,83.3
1919-05-01,1919,05,18.4,7.5,13,95.8,0,95.8
1919-06-01,1919,06,28.2,15.4,21.8,59.9,0,59.9
1919-07-01,1919,07,29.2,15.3,22.3,40.4,0,40.4
1919-08-01,1919,08,25.3,13.3,19.3,35.8,0,35.8
1919-09-01,1919,09,20.5,9.1,14.8,63.8,0,63.8
1919-10-01,1919,10,12.3,3.1,7.7,124.7,0,124.7
1919-11-01,1919,11,3,-3.8,-0.4,55.6,13.5,69.1
1919-12-01,1919,12,-4.9,-14.6,-9.8,3,23.9,26.9
1920-01-01,1920,01,-11.1,-22.3,-16.7,0,76.5,76.5
1920-02-01,1920,02,-5.4,-16.1,-10.8,0,55.9,55.9
1920-03-01,1920,03,3.2,-7.2,-2,36.1,24.9,61
1920-04-01,1920,04,9.3,-0.1,4.6,102.1,5.1,107.2
1920-05-01,1920,05,20.8,6.4,13.6,8.4,0,8.4
1920-06-01,1920,06,25.2,12.8,19,82.6,0,82.6
1920-07-01,1920,07,24.3,13.2,18.8,91.7,0,91.7
1920-08-01,1920,08,26.9,14.6,20.8,71.4,0,71.4
1920-09-01,1920,09,22,10.3,16.2,104.1,0,104.1
1920-10-01,1920,10,15.9,5.6,10.8,71.6,0,71.6
1920-11-01,1920,11,2.6,-3.8,-0.6,44.5,19.1,63.5
1920-12-01,1920,12,-2.8,-9.2,-6,68.1,36.6,104.6
1921-01-01,1921,01,-3.8,-13.6,-8.7,14,32.5,46.5
1921-02-01,1921,02,-2.9,-12.7,-7.8,6.6,34,40.6
1921-03-01,1921,03,4.7,-4.6,0.1,105.7,13.2,118.9
1921-04-01,1921,04,14.2,2.3,8.3,52.3,6.4,58.7
1921-05-01,1921,05,22.2,8.9,15.6,69.3,0,69.3
1921-06-01,1921,06,27.2,12.3,19.8,97,0,97
1921-07-01,1921,07,31.4,18.5,25,63.5,0,63.5
1921-08-01,1921,08,25.8,12.8,19.3,68.3,0,68.3
1921-09-01,1921,09,24.1,10.6,17.4,43.4,0,43.4
1921-10-01,1921,10,12.1,3.3,7.7,116.1,0,116.1
1921-11-01,1921,11,1.2,-5.2,-2,21.3,56.6,78
1921-12-01,1921,12,-4,-11.9,-8,37.3,32,69.3
1922-01-01,1922,01,-5.8,-16.9,-11.4,1.5,41.4,42.9
1922-02-01,1922,02,-4.9,-14.4,-9.7,9.1,53.1,62.2
1922-03-01,1922,03,2,-6.8,-2.4,36.1,16.8,52.8
1922-04-01,1922,04,11.7,0.6,6.2,71.1,26.7,97.8
1922-05-01,1922,05,22.4,8.7,15.6,47.5,0,47.5
1922-06-01,1922,06,23.9,12.8,18.4,132.6,0,132.6
1922-07-01,1922,07,27.6,14.3,21,50.3,0,50.3
1922-08-01,1922,08,25.6,12.8,19.2,56.9,0,56.9
1922-09-01,1922,09,23.4,9.6,16.5,42.7,0,42.7
1922-10-01,1922,10,11.8,2.2,7,83.6,5.1,88.6
1922-11-01,1922,11,4.7,-1.7,1.5,33.8,11.4,45.2
1922-12-01,1922,12,-3.9,-12.5,-8.2,12.2,35.3,47.5
1923-01-01,1923,01,-7.8,-17.9,-12.9,10.2,82,92.2
1923-02-01,1923,02,-7.7,-19.1,-13.4,0,59.7,59.7
1923-03-01,1923,03,-2.7,-12.7,-7.7,12.2,62.7,74.9
1923-04-01,1923,04,8.8,-1.8,3.5,62.2,3.8,66
1923-05-01,1923,05,18.4,4.8,11.6,63.8,0,63.8
1923-06-01,1923,06,25.8,12.3,19.1,123.7,0,123.7
1923-07-01,1923,07,25.8,13.6,19.7,89.2,0,89.2
1923-08-01,1923,08,24.5,11.8,18.2,77.7,0,77.7
1923-09-01,1923,09,20.6,9.9,15.3,46.7,0,46.7
1923-10-01,1923,10,13.3,2.8,8.1,90.7,0,90.7
1923-11-01,1923,11,4.6,-1.3,1.7,73.4,6.4,79.8
1923-12-01,1923,12,1.3,-5.1,-1.9,46.7,30,76.7
1924-01-01,1924,01,-4.8,-17.2,-11,33,105.4,138.4
1924-02-01,1924,02,-7.7,-17.9,-12.8,0,70.1,70.1
1924-03-01,1924,03,2.2,-5.4,-1.6,7.9,16,23.9
1924-04-01,1924,04,9.9,-0.2,4.9,85.3,18.5,103.9
1924-05-01,1924,05,14.8,4.7,9.8,99.1,0,99.1
1924-06-01,1924,06,24.4,10.9,17.7,63.8,0,63.8
1924-07-01,1924,07,25.9,11.8,18.9,99.8,0,99.8
1924-08-01,1924,08,24.1,12.3,18.2,88.4,0,88.4
1924-09-01,1924,09,19.7,7.3,13.5,117.6,0,117.6
1924-10-01,1924,10,15.8,1.9,8.9,6.4,0,6.4
1924-11-01,1924,11,7.3,-2.7,2.3,33.8,8.1,41.9
1924-12-01,1924,12,-4.6,-14.2,-9.4,16.8,22.4,39.1
1925-01-01,1925,01,-8.7,-20.6,-14.7,0,75.7,75.7
1925-02-01,1925,02,-1.1,-11.1,-6.1,67.3,22.1,89.4
1925-03-01,1925,03,4.1,-6.3,-1.1,50.8,37.8,88.6
1925-04-01,1925,04,13,-0.3,6.4,11.7,8.9,20.6
1925-05-01,1925,05,17.2,3.7,10.5,65.8,0,65.8
1925-06-01,1925,06,24.9,12.3,18.6,95.3,0,95.3
1925-07-01,1925,07,24.9,11.9,18.4,105.4,0,105.4
1925-08-01,1925,08,27.4,12.1,19.8,26.4,0,26.4
1925-09-01,1925,09,20.6,8.6,14.6,155.4,0,155.4
1925-10-01,1925,10,8.7,-0.8,4,59.9,3.3,63.2
1925-11-01,1925,11,4,-3.9,0.1,78.5,10.4,88.9
1925-12-01,1925,12,-3.6,-11.6,-7.6,30.7,40.4,71.1
1926-01-01,1926,01,-5,-15.6,-10.3,24.1,37.3,61.5
1926-02-01,1926,02,-5.1,-17.4,-11.3,1.8,58.4,60.2
1926-03-01,1926,03,-1.5,-13,-7.3,0,103.9,103.9
1926-04-01,1926,04,5.7,-4.3,0.7,16,43.7,59.7
1926-05-01,1926,05,18.4,3.7,11.1,36.6,0,36.6
1926-06-01,1926,06,22.2,8.9,15.6,88.4,0,88.4
1926-07-01,1926,07,26.2,12.4,19.3,120.1,0,120.1
1926-08-01,1926,08,24.1,12.9,18.5,49.8,0,49.8
1926-09-01,1926,09,19.4,7.9,13.7,75.2,0,75.2
1926-10-01,1926,10,11.7,2,6.9,70.4,3,73.4
1926-11-01,1926,11,3.9,-4.1,-0.1,89.2,29,118.1
1926-12-01,1926,12,-5.6,-14.5,-10.1,7.1,70.6,77.7
1927-01-01,1927,01,-5.3,-17.8,-11.6,9.4,49,58.4
1927-02-01,1927,02,-3.8,-14.4,-9.1,0,112,112
1927-03-01,1927,03,3.6,-6.1,-1.3,38.9,10.7,49.5
1927-04-01,1927,04,12.6,-0.7,6,19.6,2,21.6
1927-05-01,1927,05,17.4,6.1,11.8,128.3,0,128.3
1927-06-01,1927,06,22.2,9.1,15.7,111,0,111
1927-07-01,1927,07,25.2,14.1,19.7,120.9,0,120.9
1927-08-01,1927,08,23.3,11.2,17.3,62,0,62
1927-09-01,1927,09,21.5,8.7,15.1,41.1,0,41.1
1927-10-01,1927,10,15.1,4.2,9.7,49.5,0,49.5
1927-11-01,1927,11,5.3,-2.1,1.6,178.1,19.1,197.1
1927-12-01,1927,12,-1.9,-10.1,-6,45,34.3,79.2
1928-01-01,1928,01,-4.3,-15.3,-9.8,11.2,85.3,96.5
1928-02-01,1928,02,-4.2,-16.8,-10.5,13,25.9,38.9
1928-03-01,1928,03,0.2,-9.7,-4.8,15,48.8,63.8
1928-04-01,1928,04,7.9,-2.7,2.6,54.1,10.2,64.3
1928-05-01,1928,05,18.3,5.6,12,73.4,0,73.4
1928-06-01,1928,06,21.2,10.2,15.7,164.3,0,164.3
1928-07-01,1928,07,25.1,14.9,20,122.9,0,122.9
1928-08-01,1928,08,25.6,14.7,20.2,103.6,0,103.6
1928-09-01,1928,09,16.5,7.3,11.9,110.5,0,110.5
1928-10-01,1928,10,12.7,3.4,8.1,149.6,0,149.6
1928-11-01,1928,11,3.7,-2.9,0.4,49.5,7.6,57.2
1928-12-01,1928,12,-1.6,-9.1,-5.4,19.3,30.5,49.8
1929-01-01,1929,01,-8.4,-17,-12.7,57.4,53.3,110.7
1929-02-01,1929,02,-6.6,-16.9,-11.8,3,26.4,29.5
1929-03-01,1929,03,1.7,-5.9,-2.1,60.7,18.8,79.5
1929-04-01,1929,04,9.6,-0.2,4.7,89.2,7.1,96.3
1929-05-01,1929,05,17.3,5.6,11.5,91.7,0,91.7
1929-06-01,1929,06,22.9,11.2,17.1,67.3,0,67.3
1929-07-01,1929,07,26.2,12.7,19.5,82.3,0,82.3
1929-08-01,1929,08,23,11.2,17.1,82.6,0,82.6
1929-09-01,1929,09,21.6,9.3,15.5,49.8,0,49.8
1929-10-01,1929,10,11.4,2.4,6.9,47.8,0,47.8
1929-11-01,1929,11,3.6,-3.4,0.1,58.4,10.9,69.3
1929-12-01,1929,12,-6.8,-13.6,-10.2,0,82,82
1930-01-01,1930,01,-6.3,-15.4,-10.9,40.4,33.5,73.9
1930-02-01,1930,02,-4.8,-15.3,-10.1,5.1,15.7,20.8
1930-03-01,1930,03,0.3,-7.4,-3.6,27.4,19.3,46.7
1930-04-01,1930,04,9.9,-1.6,4.2,42.2,0,42.2
1930-05-01,1930,05,19.1,7.4,13.3,66,0,66
1930-06-01,1930,06,25,13.3,19.2,106.2,0,106.2
1930-07-01,1930,07,24.6,12.9,18.8,112.8,0,112.8
1930-08-01,1930,08,24.6,11.9,18.3,29.2,0,29.2
1930-09-01,1930,09,20.7,9.2,15,61.5,0,61.5
1930-10-01,1930,10,14.3,2.5,8.4,30.5,0,30.5
1930-11-01,1930,11,6.2,-1.2,2.5,36.6,14,50.5
1930-12-01,1930,12,-3.5,-10.1,-6.8,5.3,45.5,50.8
1931-01-01,1931,01,-8.1,-17.6,-12.9,0,56.6,56.6
1931-02-01,1931,02,-4.2,-15.2,-9.7,1.3,27.4,28.7
1931-03-01,1931,03,3.4,-4.2,-0.4,18.8,20.3,39.1
1931-04-01,1931,04,12.4,0.6,6.5,55.9,8.9,64.8
1931-05-01,1931,05,18.9,6.6,12.8,63,0,63
1931-06-01,1931,06,23.9,11.5,17.7,66.3,0,66.3
1931-07-01,1931,07,28.2,16.1,22.2,35.6,0,35.6
1931-08-01,1931,08,26.3,12.9,19.6,10.4,0,10.4
1931-09-01,1931,09,22.7,10.9,16.8,100.1,0,100.1
1931-10-01,1931,10,14.9,4.7,9.8,44.2,0,44.2
1931-11-01,1931,11,7.6,-0.6,3.5,51.8,2.5,54.4
1931-12-01,1931,12,-2.1,-9.7,-5.9,29,28.7,57.7
1932-01-01,1932,01,-1.4,-7.8,-4.6,45,39.4,84.3
1932-02-01,1932,02,-5.6,-14.3,-10,22.6,43.9,66.5
1932-03-01,1932,03,-2.1,-10.4,-6.3,13,49.5,62.5
1932-04-01,1932,04,7.3,-2.2,2.6,33.8,31.8,65.5
1932-05-01,1932,05,19.3,6.3,12.8,24.4,0,24.4
1932-06-01,1932,06,24.1,11.1,17.6,69.6,0,69.6
1932-07-01,1932,07,24.6,12.8,18.7,76.5,0,76.5
1932-08-01,1932,08,26.3,13.8,20.1,129.8,0,129.8
1932-09-01,1932,09,20.8,9.2,15,81,0,81
1932-10-01,1932,10,12.9,3.7,8.3,101.1,0,101.1
1932-11-01,1932,11,2.1,-6.3,-2.1,34.8,29,63.8
1932-12-01,1932,12,-1.9,-9.4,-5.7,30.7,31.8,62.5
1933-01-01,1933,01,-0.8,-9.2,-5,22.4,12.2,34.5
1933-02-01,1933,02,-3.1,-12.7,-7.9,1.5,33,34.5
1933-03-01,1933,03,-0.3,-8,-4.2,22.9,59.2,82
1933-04-01,1933,04,10.3,0.7,5.5,69.9,2.5,72.4
1933-05-01,1933,05,19,7.1,13.1,89.4,0,89.4
1933-06-01,1933,06,25.7,12.2,19,63.2,0,63.2
1933-07-01,1933,07,26.4,14.2,20.3,59.9,0,59.9
1933-08-01,1933,08,25.3,12.7,19,97.3,0,97.3
1933-09-01,1933,09,21.4,10,15.7,37.6,0,37.6
1933-10-01,1933,10,11,1.9,6.5,24.4,21.6,46
1933-11-01,1933,11,-2.2,-10.6,-6.4,42.4,46.5,88.9
1933-12-01,1933,12,-10.2,-19.2,-14.7,101.9,64.8,166.6
1934-01-01,1934,01,-6.3,-18.3,-12.3,18.3,59.2,77.5
1934-02-01,1934,02,-12.5,-28.9,-20.7,0,41.9,41.9
1934-03-01,1934,03,-1.6,-13.1,-7.4,66.8,30.5,97.3
1934-04-01,1934,04,8.1,-0.8,3.7,93,2.5,95.5
1934-05-01,1934,05,20.2,5.7,13,35.3,0,35.3
1934-06-01,1934,06,24.8,12,18.4,80.5,0,80.5
1934-07-01,1934,07,27.9,14.1,21,74.7,0,74.7
1934-08-01,1934,08,24.2,10.6,17.4,39.9,0,39.9
1934-09-01,1934,09,21.2,11.8,16.5,96,0,96
1934-10-01,1934,10,11.1,1.6,6.4,42.4,0.8,43.2
1934-11-01,1934,11,5.4,-1.4,2,60.2,17.3,77.5
1934-12-01,1934,12,-6.9,-16.2,-11.6,13.7,66,79.8
1935-01-01,1935,01,-10.2,-19.9,-15.1,24.9,52.3,77.2
1935-02-01,1935,02,-6.1,-17.1,-11.6,22.9,34.5,57.4
1935-03-01,1935,03,0.9,-9.1,-4.1,30.5,12.7,43.2
1935-04-01,1935,04,10.7,0.9,5.8,41.4,8.9,50.3
1935-05-01,1935,05,16.4,3.9,10.2,32.8,0,32.8
1935-06-01,1935,06,22.5,11.2,16.9,152.4,0,152.4
1935-07-01,1935,07,27.3,15.7,21.5,83.3,0,83.3
1935-08-01,1935,08,26.1,12.4,19.3,30.5,0,30.5
1935-09-01,1935,09,18.2,6.1,12.2,75.4,0,75.4
1935-10-01,1935,10,13.2,1.9,7.6,21.3,0.5,21.8
1935-11-01,1935,11,5.4,-2.5,1.5,64.3,0.5,64.8
1935-12-01,1935,12,-7.4,-14.9,-11.2,14.7,45.2,59.9
1936-01-01,1936,01,-8.3,-16.8,-12.6,4.6,53.6,58.2
1936-02-01,1936,02,-8.3,-19.8,-14.1,2.5,49.8,52.3
1936-03-01,1936,03,2.7,-6.1,-1.7,92.7,29.5,122.2
1936-04-01,1936,04,7.8,-0.2,3.8,91.7,11.4,103.1
1936-05-01,1936,05,19.2,7.2,13.2,60.5,0,60.5
1936-06-01,1936,06,23.7,10.7,17.2,51.3,0,51.3
1936-07-01,1936,07,26.1,13.1,19.6,108.5,0,108.5
1936-08-01,1936,08,23.8,12.1,18,75.4,0,75.4
1936-09-01,1936,09,20.6,8.5,14.6,108,0,108
1936-10-01,1936,10,10.9,1.8,6.4,123.7,6.9,130.6
1936-11-01,1936,11,1.7,-6.6,-2.5,28.4,14,42.4
1936-12-01,1936,12,-2.2,-12.5,-7.4,41.9,21.3,63.2
1937-01-01,1937,01,-0.7,-10.3,-5.5,59.4,17.5,77
1937-02-01,1937,02,-2.3,-11,-6.7,42.2,20.8,63
1937-03-01,1937,03,-1.9,-10.1,-6,0,37.3,37.3
1937-04-01,1937,04,9.9,0,5,58.9,7.9,66.8
1937-05-01,1937,05,19.8,7.2,13.5,56.4,0,56.4
1937-06-01,1937,06,24.2,12.1,18.2,92.5,0,92.5
1937-07-01,1937,07,27.1,14.7,20.9,102.1,0,102.1
1937-08-01,1937,08,27.8,15.2,21.5,89.4,0,89.4
1937-09-01,1937,09,19.9,8.2,14.1,89.9,0,89.9
1937-10-01,1937,10,11.1,2.6,6.9,107.2,0,107.2
1937-11-01,1937,11,4.4,-1.9,1.3,98.6,0,98.6
1937-12-01,1937,12,-5.1,-13.9,-9.5,0.5,66.5,67.1
1938-01-01,1938,01,-7.1,-17.8,-12.5,20.1,28.4,48.5
1938-02-01,1938,02,-4.9,-14.6,-9.8,29.7,26.2,55.9
1938-03-01,1938,03,0.6,-9.4,-4.4,68.1,23.9,91.9
1938-04-01,1938,04,11.2,1.6,6.4,70.6,10.2,80.8
1938-05-01,1938,05,18.3,6.4,12.4,74.7,0,74.7
1938-06-01,1938,06,24.9,11.2,18.1,61.7,0,61.7
1938-07-01,1938,07,26.6,14.7,20.7,134.4,0,134.4
1938-08-01,1938,08,26.8,14.4,20.6,95.3,0,95.3
1938-09-01,1938,09,17.4,7.2,12.3,99.1,0,99.1
1938-10-01,1938,10,14.7,2.6,8.7,11.7,0,11.7
1938-11-01,1938,11,6.4,-3.9,1.3,30.2,11.9,42.2
1938-12-01,1938,12,-2.5,-10.4,-6.5,27.9,29.2,57.2
1939-01-01,1939,01,-5.4,-16.6,-11,9.7,60.5,70.1
1939-02-01,1939,02,-5.9,-18.5,-12.2,45.7,67.6,113.3
1939-03-01,1939,03,-2.1,-12.1,-7.1,7.4,46.7,54.1
1939-04-01,1939,04,5.2,-2.6,1.3,37.8,23.6,61.5
1939-05-01,1939,05,18.9,6,12.5,56.9,0,56.9
1939-06-01,1939,06,23.6,11.4,17.5,91.7,0,91.7
1939-07-01,1939,07,26.3,13.7,20,160.5,0,160.5
1939-08-01,1939,08,26.6,14.1,20.4,82.3,0,82.3
1939-09-01,1939,09,19.1,7.7,13.4,73.4,0,73.4
1939-10-01,1939,10,11.7,1.6,6.7,76.7,0,76.7
1939-11-01,1939,11,3.3,-5.6,-1.2,16.5,2,18.5
1939-12-01,1939,12,-3.8,-10,-6.9,43.9,36.3,80.3
1940-01-01,1940,01,-10.4,-19.1,-14.8,8.6,26.2,34.8
1940-02-01,1940,02,-5.2,-16,-10.6,0,43.9,43.9
1940-03-01,1940,03,-2.3,-11.2,-6.8,3.6,73.2,76.7
1940-04-01,1940,04,7.1,-2.1,2.5,54.6,10.2,64.8
1940-05-01,1940,05,18.6,7.1,12.9,108.5,0,108.5
1940-06-01,1940,06,22.2,11.2,16.7,64.5,0,64.5
1940-07-01,1940,07,26.2,13.3,19.8,71.6,0,71.6
1940-08-01,1940,08,25.8,12.5,19.2,35.1,0,35.1
1940-09-01,1940,09,20.6,8.6,14.6,29.2,0,29.2
1940-10-01,1940,10,11.8,0.5,6.2,41.1,0,41.1
1940-11-01,1940,11,3.1,-4.2,-0.6,49.8,47,96.8
1940-12-01,1940,12,-3.5,-13.1,-8.3,83.1,31.8,114.8
1941-01-01,1941,01,-8.8,-17.4,-13.1,3.6,54.9,58.4
1941-02-01,1941,02,-5.5,-14.8,-10.2,3.6,48.5,52.1
1941-03-01,1941,03,-1.2,-12.6,-6.9,0.8,32.5,33.3
1941-04-01,1941,04,14.8,1.8,8.3,19.6,0,19.6
1941-05-01,1941,05,20.3,6,13.2,63.8,0,63.8
1941-06-01,1941,06,26.8,12.1,19.5,31,0,31
1941-07-01,1941,07,27.9,14.7,21.3,71.4,0,71.4
1941-08-01,1941,08,23.9,11.3,17.6,66.5,0,66.5
1941-09-01,1941,09,21.7,8.1,14.9,32,0,32
1941-10-01,1941,10,12.2,2.6,7.4,141.7,0,141.7
1941-11-01,1941,11,4.8,-2.3,1.3,76.5,4.6,81
1941-12-01,1941,12,-3.1,-11.3,-7.2,54.9,49,103.9
1942-01-01,1942,01,-5.6,-15.7,-10.7,32.3,24.9,57.2
1942-02-01,1942,02,-6.1,-13.9,-10,8.1,36.1,44.2
1942-03-01,1942,03,3.3,-3.6,-0.2,44.5,23.1,67.6
1942-04-01,1942,04,13.5,2,7.8,28.4,8.9,37.3
1942-05-01,1942,05,19.3,8.6,14,71.6,0,71.6
1942-06-01,1942,06,24.4,12,18.2,50.5,0,50.5
1942-07-01,1942,07,25.8,13.8,19.8,58.7,0,58.7
1942-08-01,1942,08,24.8,12.5,18.7,73.2,0,73.2
1942-09-01,1942,09,20.1,8.3,14.2,166.1,0,166.1
1942-10-01,1942,10,14.3,2.7,8.5,60.2,0,60.2
1942-11-01,1942,11,4.6,-3.6,0.5,42.2,22.1,64.3
1942-12-01,1942,12,-6.7,-14.9,-10.8,23.6,98.6,122.2
1943-01-01,1943,01,-10.2,-20.4,-15.3,0,48.3,48.3
1943-02-01,1943,02,-4.6,-15.2,-9.9,20.3,48.8,69.1
1943-03-01,1943,03,-1.2,-11.2,-6.2,62.7,45.5,108.2
1943-04-01,1943,04,5.8,-3.5,1.2,27.9,33,61
1943-05-01,1943,05,17.6,6.4,12,117.1,0,117.1
1943-06-01,1943,06,24.2,13.2,18.7,145,0,145
1943-07-01,1943,07,26.8,14.5,20.7,55.9,0,55.9
1943-08-01,1943,08,23.8,12.9,18.4,229.9,0,229.9
1943-09-01,1943,09,18.2,7.3,12.8,42.7,0,42.7
1943-10-01,1943,10,13.3,3.4,8.4,110.2,0,110.2
1943-11-01,1943,11,4.2,-2.9,0.7,39.6,10.2,49.8
1943-12-01,1943,12,-5.2,-15.2,-10.2,2.8,39.4,42.2
1944-01-01,1944,01,-4.2,-12.6,-8.4,5.8,25.4,31.2
1944-02-01,1944,02,-5.4,-16,-10.7,8.1,29,37.1
1944-03-01,1944,03,-1.3,-10.3,-5.8,11.4,40.4,51.8
1944-04-01,1944,04,8.5,-2.2,3.2,53.8,18.5,72.4
1944-05-01,1944,05,23,8.6,15.8,31.5,0,31.5
1944-06-01,1944,06,24.2,12.3,18.3,58.2,0,58.2
1944-07-01,1944,07,28.2,14.7,21.5,61,0,61
1944-08-01,1944,08,28.8,13.8,21.3,26.7,0,26.7
1944-09-01,1944,09,20.6,9.8,15.2,95,0,95
1944-10-01,1944,10,12.5,2,7.3,29.5,0,29.5
1944-11-01,1944,11,4.5,-1.8,1.4,27.2,37.6,64.8
1944-12-01,1944,12,-6.7,-15.9,-11.3,21.8,76.2,98
1945-01-01,1945,01,-11.2,-21.2,-16.2,0,35.3,35.3
1945-02-01,1945,02,-3.8,-15.1,-9.5,13.7,55.6,69.3
1945-03-01,1945,03,6.8,-3.6,1.6,65.8,10.2,75.9
1945-04-01,1945,04,13.2,2.6,7.9,105.2,0,105.2
1945-05-01,1945,05,14.8,4.7,9.8,136.9,0,136.9
1945-06-01,1945,06,22.9,11,17,74.9,0,74.9
1945-07-01,1945,07,25.7,14.2,20,73.9,0,73.9
1945-08-01,1945,08,24.9,13.2,19.1,125.5,0,125.5
1945-09-01,1945,09,20.6,10.3,15.5,151.4,0,151.4
1945-10-01,1945,10,12.1,2.6,7.4,74.9,2,77
1945-11-01,1945,11,4.2,-2.7,0.8,41.1,29,70.1
1945-12-01,1945,12,-5.9,-13.8,-9.9,16.5,19.3,35.8
1946-01-01,1946,01,-6.9,-16.2,-11.6,25.4,66,91.4
1946-02-01,1946,02,-8,-19.3,-13.7,11.2,29.7,40.9
1946-03-01,1946,03,8.4,-2.6,2.9,32.8,2.8,35.6
1946-04-01,1946,04,10.2,-0.3,5,57.7,15.5,73.2
1946-05-01,1946,05,16.9,5.8,11.4,73.7,0,73.7
1946-06-01,1946,06,23.2,10.9,17.1,122.7,0,122.7
1946-07-01,1946,07,26.4,13.7,20.1,72.6,0,72.6
1946-08-01,1946,08,23.3,11.7,17.5,107.7,0,107.7
1946-09-01,1946,09,22,9.2,15.6,83.1,0,83.1
1946-10-01,1946,10,15.5,3.2,9.4,123.7,0,123.7
1946-11-01,1946,11,5.4,-1.7,1.9,58.9,28.2,87.1
1946-12-01,1946,12,-3.7,-11.1,-7.4,65,54.9,119.9
1947-01-01,1947,01,-5.2,-15.4,-10.3,47.8,49.3,97
1947-02-01,1947,02,-6.9,-17.6,-12.3,0,48,48
1947-03-01,1947,03,0.4,-8,-3.8,31.8,101.1,132.8
1947-04-01,1947,04,6.9,-1.8,2.6,63.8,29.2,93
1947-05-01,1947,05,15,4.9,10,137.4,0,137.4
1947-06-01,1947,06,22.6,11.8,17.2,103.6,0,103.6
1947-07-01,1947,07,25.6,15.9,20.8,130.8,0,130.8
1947-08-01,1947,08,28.4,15.2,21.8,31.5,0,31.5
1947-09-01,1947,09,20.6,9.1,14.9,118.6,0,118.6
1947-10-01,1947,10,18.8,5.3,12.1,15,0,15
1947-11-01,1947,11,4.4,-3.4,0.5,35.1,23.6,58.7
1947-12-01,1947,12,-5.9,-13.4,-9.7,16,35.1,51.1
1948-01-01,1948,01,-8.4,-17.6,-13,0,32.5,32.5
1948-02-01,1948,02,-6.2,-19.7,-13,17.8,30.5,48.3
1948-03-01,1948,03,1.3,-9.3,-4,80.8,28.7,109.5
1948-04-01,1948,04,12.3,1.1,6.7,53.8,0,53.8
1948-05-01,1948,05,17.3,6.8,12.1,72.1,0,72.1
1948-06-01,1948,06,23,11.3,17.2,66,0,66
1948-07-01,1948,07,26.8,14.4,20.6,75.4,0,75.4
1948-08-01,1948,08,26.5,14.4,20.5,70.9,0,70.9
1948-09-01,1948,09,22.6,10,16.3,31.5,0,31.5
1948-10-01,1948,10,12.7,2.8,7.8,72.1,0,72.1
1948-11-01,1948,11,8.3,2.3,5.3,115.1,4.1,119.1
1948-12-01,1948,12,-0.5,-6.8,-3.7,35.1,52.6,87.6
1949-01-01,1949,01,-3.5,-12.4,-8,26.7,45.5,72.1
1949-02-01,1949,02,-2.2,-12.8,-7.5,30.5,23.6,54.1
1949-03-01,1949,03,-0.1,-8.6,-4.4,20.8,33.8,54.6
1949-04-01,1949,04,11.1,1,6.1,78.2,0,78.2
1949-05-01,1949,05,19,6.5,12.8,48.5,0,48.5
1949-06-01,1949,06,25.9,14.3,20.1,61.7,0,61.7
1949-07-01,1949,07,28.8,15.2,22,70.6,0,70.6
1949-08-01,1949,08,27.9,14.1,21,98.8,0,98.8
1949-09-01,1949,09,18.5,8.6,13.6,90.4,0,90.4
1949-10-01,1949,10,16.3,4.7,10.5,38.9,0,38.9
1949-11-01,1949,11,2.2,-4.7,-1.3,60.2,31,91.2
1949-12-01,1949,12,-1.4,-9.6,-5.5,81.3,27.7,109
1950-01-01,1950,01,-1.3,-11.1,-6.2,53.1,44.2,97.3
1950-02-01,1950,02,-6.7,-15.8,-11.3,0,74.7,74.7
1950-03-01,1950,03,-1.4,-13.1,-7.3,14.7,50.3,65
1950-04-01,1950,04,7.9,-1.3,3.3,51.1,3,54.1
1950-05-01,1950,05,18.8,6.9,12.9,67.3,0,67.3
1950-06-01,1950,06,23.4,12.3,17.9,59.9,0,59.9
1950-07-01,1950,07,25.7,14.6,20.2,145.8,0,145.8
1950-08-01,1950,08,23.6,12.2,17.9,101.3,0,101.3
1950-09-01,1950,09,18.1,7.3,12.7,35.1,0,35.1
1950-10-01,1950,10,13.6,4.4,9,50.8,0,50.8
1950-11-01,1950,11,5.5,-0.8,2.4,96,11.2,107.2
1950-12-01,1950,12,-3.5,-10.5,-7,26.9,48,74.9
1951-01-01,1951,01,-4.8,-14.6,-9.7,47.8,55.6,103.4
1951-02-01,1951,02,-3.7,-13,-8.4,24.1,35.3,59.4
1951-03-01,1951,03,1.7,-5.3,-1.8,37.1,64.3,101.3
1951-05-01,1951,05,20.3,7.2,13.8,52.1,0,52.1
1951-06-01,1951,06,22.4,11.7,17.1,89.2,0,89.2
1951-07-01,1951,07,25.9,14.5,20.2,57.9,0,57.9
1951-08-01,1951,08,23.7,11.9,17.8,76.5,0,76.5
1951-09-01,1951,09,19.8,8.9,14.4,80.5,0,80.5
1951-10-01,1951,10,14.2,4.1,9.2,47.2,0,47.2
1951-11-01,1951,11,2.2,-4.8,-1.3,43.2,41.9,85.1
1951-12-01,1951,12,-3.1,-11.4,-7.3,13.2,73.9,87.1
1952-01-01,1952,01,-4.6,-15.5,-10.1,13.2,50.8,64
1952-02-01,1952,02,-2.1,-10.2,-6.2,10.2,39.9,50
1952-03-01,1952,03,0.7,-6.3,-2.8,40.1,36.8,77
1952-04-01,1952,04,13.3,2.1,7.7,46,0,46
1952-05-01,1952,05,16.3,6.3,11.3,132.3,0,132.3
1952-06-01,1952,06,24.5,12.3,18.4,89.9,0,89.9
1952-07-01,1952,07,28,15.4,21.7,110.7,0,110.7
1952-08-01,1952,08,25.2,13.1,19.2,135.9,0,135.9
1952-09-01,1952,09,21.2,9.8,15.5,55.4,0,55.4
1952-10-01,1952,10,11.2,0.8,6,38.6,0,38.6
1952-11-01,1952,11,5.9,-0.6,2.7,50.5,1.3,51.8
1952-12-01,1952,12,-1,-6.6,-3.8,62.5,22.4,84.8
1953-01-01,1953,01,-2.4,-11.2,-6.8,37.3,31.2,68.6
1953-02-01,1953,02,-1.7,-9.6,-5.7,3,13,16
1953-03-01,1953,03,4,-4.3,-0.2,102.4,2,104.4
1953-04-01,1953,04,10.1,1.3,5.7,58.7,0,58.7
1953-05-01,1953,05,19.7,7.3,13.5,51.1,0,51.1
1953-06-01,1953,06,24.3,12.1,18.2,68.6,0,68.6
1953-07-01,1953,07,26.6,15.2,20.9,48.8,0,48.8
1953-08-01,1953,08,25.9,13.5,19.7,69.9,0,69.9
1953-09-01,1953,09,20.5,8.8,14.7,110.7,0,110.7
1953-10-01,1953,10,15.2,3.3,9.3,35.1,0,35.1
1953-11-01,1953,11,7.9,0.8,4.4,27.2,3,30.2
1953-12-01,1953,12,0.4,-6.2,-2.9,66,31.8,97.8
1954-01-01,1954,01,-9.5,-17.9,-13.7,15,59.4,74.4
1954-02-01,1954,02,-1.1,-9.8,-5.5,5.8,56.4,62.2
1954-03-01,1954,03,0.1,-7.8,-3.9,12.2,33.8,46
1954-04-01,1954,04,10.2,0.1,5.2,102.6,0.5,103.1
1954-05-01,1954,05,17.4,5.9,11.7,74.7,0,74.7
1954-06-01,1954,06,22.8,13.5,18.2,93.2,0,93.2
1954-07-01,1954,07,24.7,13.2,19,40.9,0,40.9
1954-08-01,1954,08,23.6,12.1,17.9,103.9,0,103.9
1954-09-01,1954,09,17.4,8.9,13.2,124.7,0,124.7
1954-10-01,1954,10,13.6,5.1,9.4,61.5,0,61.5
1954-11-01,1954,11,5.2,-0.8,2.2,103.6,1.3,104.9
1954-12-01,1954,12,-3.6,-11.3,-7.5,27.4,79.5,106.9
1955-01-01,1955,01,-8.3,-17.4,-12.9,0,37.6,37.6
1955-02-01,1955,02,-4.6,-13.5,-9.1,10.7,38.6,49.3
1955-03-01,1955,03,-0.6,-9.1,-4.9,37.1,56.1,93.2
1955-04-01,1955,04,12.2,2.1,7.2,38.1,0,38.1
1955-05-01,1955,05,20.7,8.3,14.5,50,0,50
1955-06-01,1955,06,25.7,13.4,19.6,43.2,0,43.2
1955-07-01,1955,07,30.3,16.1,23.2,43.9,0,43.9
1955-08-01,1955,08,28.9,15.9,22.4,83.3,0,83.3
1955-09-01,1955,09,21.1,8,14.6,55.6,0,55.6
1955-10-01,1955,10,14.2,4.9,9.6,171.5,0,171.5
1955-11-01,1955,11,4.1,-2.9,0.6,13.2,11.4,24.6
1955-12-01,1955,12,-7,-14.8,-10.9,0,21.3,21.3
1956-01-01,1956,01,-4.6,-12.3,-8.5,4.8,20.8,25.7
1956-02-01,1956,02,-3.7,-13.3,-8.5,10.4,51.6,62
1956-03-01,1956,03,-1,-10.6,-5.8,4.1,37.8,41.9
1956-04-01,1956,04,8.1,-0.4,3.9,113.3,0,113.3
1956-05-01,1956,05,15.4,3.4,9.4,99.8,0,99.8
1956-06-01,1956,06,23.5,12.1,17.8,76.7,0,76.7
1956-07-01,1956,07,23.5,13.4,18.5,89.2,0,89.2
1956-08-01,1956,08,23.6,12.7,18.2,149.6,0,149.6
1956-09-01,1956,09,17.6,7.1,12.4,20.6,0,20.6
1956-10-01,1956,10,15.4,3.2,9.3,35.3,0,35.3
1956-11-01,1956,11,5,-1.7,1.7,29,26.2,55.1
1956-12-01,1956,12,-2.7,-10.9,-6.8,7.9,35.1,42.9
1957-01-01,1957,01,-8.9,-18.8,-13.9,23.1,47.2,70.4
1957-02-01,1957,02,-2.7,-11.2,-7,24.6,23.1,47.8
1957-03-01,1957,03,3.2,-5.1,-1,7.6,1.5,9.1
1957-04-01,1957,04,12.4,1.6,7,80,0,80
1957-05-01,1957,05,17.7,5.8,11.8,45,0,45
1957-06-01,1957,06,24.4,13.4,18.9,145,0,145
1957-07-01,1957,07,25.9,14.1,20,39.1,0,39.1
1957-08-01,1957,08,24.4,11.1,17.8,11.4,0,11.4
1957-09-01,1957,09,20.6,9.7,15.2,115.8,0,115.8
1957-10-01,1957,10,13.6,3.6,8.6,68.3,0,68.3
1957-11-01,1957,11,6.4,-0.3,3.1,89.9,2.5,92.5
1957-12-01,1957,12,0.5,-7.9,-3.7,48,27.9,75.9
1958-01-01,1958,01,-4.6,-11.7,-8.2,12.4,37.1,49.5
1958-02-01,1958,02,-7.9,-15.3,-11.6,9.4,75.9,85.3
1958-03-01,1958,03,3.7,-2.8,0.5,2.3,43.2,45.5
1958-04-01,1958,04,13,1.6,7.3,36.8,8.9,45.7
1958-05-01,1958,05,16.2,4.9,10.6,34.8,0,34.8
1958-06-01,1958,06,20.8,8.7,14.8,65.8,0,65.8
1958-07-01,1958,07,25.1,14.5,19.8,156,0,156
1958-08-01,1958,08,24.7,12.6,18.7,92.2,0,92.2
1958-09-01,1958,09,19.5,9.7,14.6,106.9,0,106.9
1958-10-01,1958,10,12.4,3.2,7.8,55.6,0,55.6
1958-11-01,1958,11,6.2,-1.9,2.2,38.1,24.4,62.5
1958-12-01,1958,12,-8.3,-18.2,-13.3,2.3,45.7,48
1959-01-01,1959,01,-6.8,-16.4,-11.6,7.4,68.6,75.9
1959-02-01,1959,02,-6.4,-19.4,-12.9,8.6,59.4,68.1
1959-03-01,1959,03,0.4,-10.3,-5,6.9,23.1,30
1959-04-01,1959,04,11.4,0,5.7,31.5,0,31.5
1959-05-01,1959,05,20.5,6.8,13.7,27.9,0,27.9
1959-06-01,1959,06,24.4,13.4,18.9,39.1,0,39.1
1959-07-01,1959,07,28.2,14.7,21.5,89.4,0,89.4
1959-08-01,1959,08,28.2,16.2,22.2,106.9,0,106.9
1959-09-01,1959,09,22.3,10.8,16.6,104.1,0,104.1
1959-10-01,1959,10,11.2,3.3,7.3,85.9,3,88.9
1959-11-01,1959,11,4.1,-4,0.1,31.2,31.5,62.7
1959-12-01,1959,12,-2.5,-9.5,-6,29.7,58.4,88.1
1960-01-01,1960,01,-6.2,-14.1,-10.2,0,43.7,43.7
1960-02-01,1960,02,-2.8,-10.8,-6.8,35.6,121.2,156.7
1960-03-01,1960,03,-2.1,-11.1,-6.6,11.4,21.1,32.5
1960-04-01,1960,04,9.6,0.9,5.3,68.1,0,68.1
1960-05-01,1960,05,21.4,10.1,15.8,106.9,0,106.9
1960-06-01,1960,06,23.4,12.3,17.9,58.2,0,58.2
1960-07-01,1960,07,25.5,13.3,19.4,50.8,0,50.8
1960-08-01,1960,08,26.3,12.6,19.5,37.8,0,37.8
1960-09-01,1960,09,20.6,10.5,15.6,49,0,49
1960-10-01,1960,10,12.9,3.4,8.2,65.3,0,65.3
1960-11-01,1960,11,7.4,0.7,4.1,47,1,48
1960-12-01,1960,12,-3.6,-12.2,-7.9,3.3,54.6,35.6
1961-01-01,1961,01,-9.3,-20.3,-14.8,0.3,17.5,11.9
1961-02-01,1961,02,-1.7,-11.9,-6.8,49.3,7.4,61.7
1961-03-01,1961,03,1.3,-7.3,-3,14,26.9,34.5
1961-04-01,1961,04,9.4,0.7,5.1,80,6.6,87.9
1961-05-01,1961,05,17.1,5.6,11.4,58.4,1.8,60.2
1961-06-01,1961,06,22.3,10.8,16.6,87.4,0,87.4
1961-07-01,1961,07,25.1,15.6,20.4,100.6,0,100.6
1961-08-01,1961,08,24.6,14.2,19.4,78,0,78
1961-09-01,1961,09,23.9,12,18,31.8,0,31.8
1961-10-01,1961,10,15.8,5.1,10.5,37.8,0,37.8
1961-11-01,1961,11,5.8,-1.3,2.3,49.8,8.4,55.9
1961-12-01,1961,12,-1.9,-8.6,-5.3,29.2,27.2,48
1962-01-01,1962,01,-7.1,-16.1,-11.6,19.3,39.6,49.5
1962-02-01,1962,02,-7.2,-16.9,-12.1,8.9,55.9,46.5
1962-03-01,1962,03,3.2,-6.2,-1.5,9.4,32.3,54.9
1962-04-01,1962,04,9.9,0.1,5,75.4,6.9,82.6
1962-05-01,1962,05,20.5,8.6,14.6,43.4,0,43.4
1962-06-01,1962,06,24.6,12.2,18.4,78.2,0,78.2
1962-07-01,1962,07,24.3,12.7,18.5,110.7,0,110.7
1962-08-01,1962,08,24.8,13.5,19.2,84.3,0,84.3
1962-09-01,1962,09,18.1,9.1,13.6,83.3,0,83.3
1962-10-01,1962,10,11.9,3.9,7.9,93.2,20.8,113.3
1962-11-01,1962,11,3.9,-3.6,0.2,40.9,14.7,51.6
1962-12-01,1962,12,-4.3,-12.1,-8.2,12.2,42.7,40.1
1963-01-01,1963,01,-6.9,-15.2,-11.1,0,28.4,24.9
1963-02-01,1963,02,-7.8,-19.4,-13.6,0,49,40.9
1963-03-01,1963,03,0.6,-9.3,-4.4,15.2,35.6,43.7
1963-04-01,1963,04,11.4,0.6,6,61.7,1.3,63
1963-05-01,1963,05,17.8,5.4,11.6,56.6,10.4,67.1
1963-06-01,1963,06,25.9,13.1,19.5,37.8,0,37.8
1963-07-01,1963,07,26.8,15.8,21.3,81.3,0,81.3
1963-08-01,1963,08,22.6,12.1,17.4,87.6,0,87.6
1963-09-01,1963,09,18.1,6.3,12.2,122.2,0,122.2
1963-10-01,1963,10,18.3,5.4,11.9,17.5,0,17.5
1963-11-01,1963,11,7.4,1.5,4.5,133.4,17,146.1
1963-12-01,1963,12,-9.2,-16.6,-12.9,5.8,26.7,14.7
1964-01-01,1964,01,-2.4,-11,-6.7,29.5,40.9,57.4
1964-02-01,1964,02,-3.8,-14.2,-9,0,27.2,17.8
1964-03-01,1964,03,2.5,-5.6,-1.6,14,21.6,27.9
1964-04-01,1964,04,11.1,0.7,5.9,49,4.8,51.1
1964-05-01,1964,05,20.8,8.4,14.6,55.6,0,55.6
1964-06-01,1964,06,24,11.4,17.7,46.2,0,46.2
1964-07-01,1964,07,26.8,16.2,21.5,119.1,0,119.1
1964-08-01,1964,08,22.5,11.9,17.2,71.4,0,71.4
1964-09-01,1964,09,19.3,8.1,13.7,52.1,0,52.1
1964-10-01,1964,10,12.7,1.4,7.1,25.7,0,25.7
1964-11-01,1964,11,5.2,-2.8,1.2,50.8,20.6,67.1
1964-12-01,1964,12,-3,-9.6,-6.3,41.1,34,61.5
1965-01-01,1965,01,-6.8,-15.7,-11.3,6.1,47.8,42.7
1965-02-01,1965,02,-5.5,-15.5,-10.5,32.5,39.9,73.9
1965-03-01,1965,03,0.9,-7.4,-3.3,0,20.1,13
1965-04-01,1965,04,8.9,-0.9,4,63,0,63
1965-05-01,1965,05,20.8,7.6,14.2,30,0,30
1965-06-01,1965,06,24.3,11.1,17.7,21.3,0,21.3
1965-07-01,1965,07,24.4,12.6,18.5,58.2,0,58.2
1965-08-01,1965,08,23.7,13.2,18.5,140.2,0,140.2
1965-09-01,1965,09,20.2,10,15.1,91.4,0,91.4
1965-10-01,1965,10,11.9,3.6,7.8,98.8,8.1,105.2
1965-11-01,1965,11,3,-3.1,-0.1,64.5,27.4,96.8
1965-12-01,1965,12,-0.6,-7.1,-3.9,35.6,29,60.5
1966-01-01,1966,01,-7.3,-14.5,-10.9,0.5,70.4,41.4
1966-02-01,1966,02,-3,-12.5,-7.8,21.1,21.8,37.6
1966-03-01,1966,03,2.7,-4.4,-0.9,34,17.8,56.6
1966-04-01,1966,04,10.6,0.5,5.6,20.6,4.6,25.1
1966-05-01,1966,05,16.6,4.6,10.6,61,0,61
1966-06-01,1966,06,24.8,12.6,18.7,55.1,0,55.1
1966-07-01,1966,07,27.5,15.1,21.3,52.3,0,52.3
1966-08-01,1966,08,24.2,14.2,19.2,78.5,0,78.5
1966-09-01,1966,09,19,8.1,13.6,57.2,0,57.2
1966-10-01,1966,10,13.3,3.1,8.2,33.3,2,35.1
1966-11-01,1966,11,6.8,-0.4,3.2,108.2,9.4,116.6
1966-12-01,1966,12,-3.7,-10.3,-7,62.7,63.5,100.3
1967-01-01,1967,01,-2.7,-11.3,-7,12.7,57.4,67.3
1967-02-01,1967,02,-7.7,-18.8,-13.3,0,51.3,47
1967-03-01,1967,03,-0.2,-10.6,-5.4,12.4,16.8,26.2
1967-04-01,1967,04,10.2,0.2,5.2,66,0,66
1967-05-01,1967,05,14.9,3.6,9.3,55.4,0,55.4
1967-06-01,1967,06,25.2,14.1,19.7,133.9,0,133.9
1967-07-01,1967,07,25.9,15.6,20.8,77.5,0,77.5
1967-08-01,1967,08,24.7,13.9,19.3,79.2,0,79.2
1967-09-01,1967,09,21.2,9.2,15.2,117.9,0,117.9
1967-10-01,1967,10,12.6,4.4,8.5,99.1,0,99.1
1967-11-01,1967,11,2.7,-3.7,-0.5,62.2,40.4,86.4
1967-12-01,1967,12,-1.4,-8.6,-5,30.2,18.5,48
1968-01-01,1968,01,-9.4,-18.2,-13.8,10.7,80.5,72.1
1968-02-01,1968,02,-6.8,-15.6,-11.2,10.4,23.1,28.7
1968-03-01,1968,03,3.9,-5.5,-0.8,59.7,24.6,75.7
1968-04-01,1968,04,14.9,2.8,8.9,38.9,0,38.9
1968-05-01,1968,05,17.8,6.4,12.1,53.6,0,53.6
1968-06-01,1968,06,22.1,12.2,17.2,123.4,0,123.4
1968-07-01,1968,07,26.5,15.2,20.9,79.8,0,79.8
1968-08-01,1968,08,23.8,13,18.4,59.4,0,59.4
1968-09-01,1968,09,22.7,11.6,17.2,92.2,0,92.2
1968-10-01,1968,10,15.1,5.6,10.4,56.9,0,56.9
1968-11-01,1968,11,3,-2.9,0.1,35.8,36.1,71.4
1968-12-01,1968,12,-5.6,-12.3,-9,0.5,68.6,68.8
1969-01-01,1969,01,-5.1,-13.3,-9.2,46.2,23.4,67.8
1969-02-01,1969,02,-2.7,-10.2,-6.5,0,25.7,22.4
1969-03-01,1969,03,0.2,-7.3,-3.6,24.9,11.7,35.6
1969-04-01,1969,04,10.5,1,5.8,107.4,8.4,120.4
1969-05-01,1969,05,16.7,5.1,10.9,87.9,1,88.9
1969-06-01,1969,06,22.7,12,17.4,77.2,0,77.2
1969-07-01,1969,07,25.8,14.6,20.2,99.1,0,99.1
1969-08-01,1969,08,26.7,15.6,21.2,66.3,0,66.3
1969-09-01,1969,09,19.3,9.7,14.5,28.2,0,28.2
1969-10-01,1969,10,12.2,3.5,7.9,41.9,1.3,43.2
1969-11-01,1969,11,5.1,-0.4,2.4,102.1,10.7,112
1969-12-01,1969,12,-4.5,-11,-7.8,31.8,48,63.2
1970-01-01,1970,01,-9.9,-19.1,-14.5,1.5,30.2,22.4
1970-02-01,1970,02,-5.9,-16.3,-11.1,11.9,83.8,69.9
1970-03-01,1970,03,0.6,-7.7,-3.6,9.7,36.1,53.8
1970-04-01,1970,04,10.8,0.4,5.6,26.2,35.1,61.2
1970-05-01,1970,05,17.9,7,12.5,64,0,64
1970-06-01,1970,06,24,12.1,18.1,24.1,0,24.1
1970-07-01,1970,07,26.6,15.7,21.2,106.2,0,106.2
1970-08-01,1970,08,26.2,14.6,20.4,48.5,0,48.5
1970-09-01,1970,09,19.4,10.3,14.9,104.9,0,104.9
1970-10-01,1970,10,14.6,5.7,10.2,81.5,0,81.5
1970-11-01,1970,11,5.9,-0.1,2.9,73.4,16.3,87.9
1970-12-01,1970,12,-6.9,-14,-10.5,1,110.2,67.8
1971-01-01,1971,01,-9.1,-18.7,-13.9,6.6,61.2,50
1971-02-01,1971,02,-4.2,-13.2,-8.7,6.4,137.9,116.8
1971-03-01,1971,03,-0.3,-10.4,-5.4,1.3,58.9,49.3
1971-04-01,1971,04,7.7,-1.8,3,38.4,3.6,41.9
1971-05-01,1971,05,18.7,7.2,13,39.1,0,39.1
1971-06-01,1971,06,24.2,12.5,18.4,100.6,0,100.6
1971-07-01,1971,07,24.7,14.1,19.4,120.9,0,120.9
1971-08-01,1971,08,23.8,13.5,18.7,128.3,0,128.3
1971-09-01,1971,09,21.8,12.4,17.1,58.4,0,58.4
1971-10-01,1971,10,16.3,7.1,11.7,50,0,50
1971-11-01,1971,11,3.4,-3.1,0.2,9.1,51.3,52.8
1971-12-01,1971,12,-2.8,-11.3,-7.1,43.9,44.2,78
1972-01-01,1972,01,-3.2,-14.4,-8.8,9.1,56.4,42.9
1972-02-01,1972,02,-7.3,-16.6,-12,24.9,109.5,102.1
1972-03-01,1972,03,-1.9,-10,-6,18.8,51.1,80.5
1972-04-01,1972,04,6.3,-2.4,2,40.4,5.6,45.2
1972-05-01,1972,05,20.2,7.8,14,57.2,0,57.2
1972-06-01,1972,06,21.9,12.6,17.3,137.4,0,137.4
1972-07-01,1972,07,25.5,15.2,20.4,179.6,0,179.6
1972-08-01,1972,08,23.3,13.5,18.4,150.9,0,150.9
1972-09-01,1972,09,19.7,10.2,15,75.4,0,75.4
1972-10-01,1972,10,9.7,1.9,5.8,95.8,0,95.8
1972-11-01,1972,11,2.8,-2.6,0.1,66,25.9,86.6
1972-12-01,1972,12,-3.9,-12.7,-8.3,46,91.2,120.7
1973-01-01,1973,01,-4.4,-12.4,-8.4,19.6,32,47.2
1973-02-01,1973,02,-5.8,-15.9,-10.9,28.4,23.4,49.3
1973-03-01,1973,03,5,-1.4,1.8,88.6,10.4,99.3
1973-04-01,1973,04,11.1,1.3,6.2,72.9,9.7,82.6
1973-05-01,1973,05,16.7,7.2,12,103.9,0,103.9
1973-06-01,1973,06,24.3,14.1,19.2,139.4,0,139.4
1973-07-01,1973,07,27.8,16,21.9,57.4,0,57.4
1973-08-01,1973,08,27.1,17,22.1,124.7,0,124.7
1973-09-01,1973,09,19.8,9.8,14.8,62.2,0,62.2
1973-10-01,1973,10,14.6,5.3,10,81.3,0,81.3
1973-11-01,1973,11,3.7,-1.9,0.9,45.5,8.4,52.1
1973-12-01,1973,12,-3.1,-9.9,-6.5,50.8,103.1,119.6
1974-01-01,1974,01,-5.3,-13.9,-9.6,22.9,34,48.3
1974-02-01,1974,02,-6.4,-16.3,-11.4,8.6,33.3,33.8
1974-03-01,1974,03,0,-8.7,-4.4,56.4,78,120.9
1974-04-01,1974,04,10.9,1,6,53.6,5.1,58.7
1974-05-01,1974,05,15.1,5.6,10.4,135.6,0,135.6
1974-06-01,1974,06,23.3,12.4,17.9,39.6,0,39.6
1974-07-01,1974,07,25.7,15.3,20.5,72.6,0,72.6
1974-08-01,1974,08,25.3,14.1,19.7,45.5,0,45.5
1974-09-01,1974,09,18.4,8.3,13.4,44.2,0,44.2
1974-10-01,1974,10,11.4,1.1,6.3,40.9,0,40.9
1974-11-01,1974,11,4.6,-1.9,1.4,94.2,7.1,99.1
1974-12-01,1974,12,-0.4,-6.7,-3.6,21.3,74.2,88.6
1975-01-01,1975,01,-4.2,-13.1,-8.7,18.5,53.6,69.6
1975-02-01,1975,02,-3.2,-11.8,-7.5,16.8,37.3,50.8
1975-03-01,1975,03,-0.2,-9.3,-4.8,49.3,25.1,72.9
1975-04-01,1975,04,7.7,-1.9,2.9,8.9,29.7,32.5
1975-05-01,1975,05,23.7,10.7,17.2,43.9,0,43.9
1975-06-01,1975,06,25.1,13.8,19.5,67.3,0,67.3
1975-07-01,1975,07,28.2,16.6,22.4,108.2,0,108.2
1975-08-01,1975,08,26.7,14.7,20.7,26.9,0,26.9
1975-09-01,1975,09,18.6,9.3,14,133.4,0,133.4
1975-10-01,1975,10,13.6,4.7,9.2,75.4,0,75.4
1975-11-01,1975,11,7.9,0.7,4.3,71.6,14.2,82.8
1975-12-01,1975,12,-4.9,-13.7,-9.3,27.7,65.3,78.2
1976-01-01,1976,01,-9,-19.2,-14.1,4.3,60.7,47.8
1976-02-01,1976,02,-1.1,-12.7,-6.9,15.5,83.3,87.4
1976-03-01,1976,03,1.4,-8.2,-3.4,66.3,34,100.1
1976-04-01,1976,04,13,2.4,7.7,42.4,1.3,43.9
1976-05-01,1976,05,17.1,6.4,11.8,107.7,3.8,111.5
1976-06-01,1976,06,25.7,14.7,20.2,123.7,0,123.7
1976-07-01,1976,07,24.5,14.6,19.6,75.9,0,75.9
1976-08-01,1976,08,24.3,13.7,19,81.3,0,81.3
1976-09-01,1976,09,18.5,9.1,13.8,113.8,0,113.8
1976-10-01,1976,10,10.5,1.8,6.2,79.2,3.3,83.8
1976-11-01,1976,11,2.8,-3.8,-0.5,17.3,19.1,34.5
1976-12-01,1976,12,-7.1,-16.5,-11.8,5.1,40.4,39.4
1977-01-01,1977,01,-9.8,-17.2,-13.5,0,60.1,45.4
1977-02-01,1977,02,-3.9,-11.5,-7.7,11.5,37.2,38.3
1977-03-01,1977,03,5.6,-3,1.3,40.6,24.9,67.2
1977-04-01,1977,04,12.6,1.4,7,58.1,13.8,69.7
1977-05-01,1977,05,21.8,9,15.4,77.2,0.4,77.6
1977-06-01,1977,06,22.4,12.3,17.4,89.8,0,89.8
1977-07-01,1977,07,26,15.6,20.8,98.4,0,98.4
1977-08-01,1977,08,23.7,13.7,18.7,77.4,0,77.4
1977-09-01,1977,09,17.8,10.6,14.2,107.2,0,107.2
1977-10-01,1977,10,12.2,3.4,7.8,86.4,0,86.4
1977-11-01,1977,11,5.4,-0.9,2.3,65.4,29.8,90.4
1977-12-01,1977,12,-4.5,-11.4,-8,23,90.8,113.8
1978-01-01,1978,01,-8.4,-16,-12.2,63.4,81.6,107
1978-02-01,1978,02,-6.6,-16.2,-11.4,0,5,2.6
1978-03-01,1978,03,-0.2,-9.2,-4.7,36.6,38.4,72.6
1978-04-01,1978,04,8,-0.9,3.6,71,2,73.2
1978-05-01,1978,05,21.4,9,15.2,53.8,0,53.8
1978-06-01,1978,06,23.3,12.4,17.9,85.8,0,85.8
1978-07-01,1978,07,26.9,15.2,21.1,43.6,0,43.6
1978-08-01,1978,08,25.6,14.9,20.3,97,0,97
1978-09-01,1978,09,18.6,7.9,13.3,42.6,0,42.6
1978-10-01,1978,10,12,3.7,7.9,55.4,0,55.4
1978-11-01,1978,11,5.6,-3.4,1.1,45,16.8,62
1978-12-01,1978,12,-2.8,-11.1,-7,30.8,82.4,113.2
1979-01-01,1979,01,-6.1,-13.1,-9.6,11,87.6,89.6
1979-02-01,1979,02,-9.4,-18.3,-13.9,0.8,20.4,19.2
1979-03-01,1979,03,5,-3.9,0.6,28.8,4,32.8
1979-04-01,1979,04,11,1.9,6.5,78.2,7.4,93
1979-05-01,1979,05,18.2,8.2,13.2,101.2,0,101.2
1979-06-01,1979,06,23.8,12.2,18,97.8,0,97.8
1979-07-01,1979,07,27.7,16,21.9,48.8,0,48.8
1979-08-01,1979,08,23.2,13.8,18.5,103.6,0,103.6
1979-09-01,1979,09,19.7,9.1,14.4,87.6,0,87.6
1979-10-01,1979,10,11.4,4.7,8.1,83.2,11,94.2
1979-11-01,1979,11,6.6,0.6,3.6,84.6,17.4,102
1979-12-01,1979,12,-1.2,-7.9,-4.6,52.8,30,76.8
1980-01-01,1980,01,-4.7,-12.2,-8.5,16.4,26,36.2
1980-02-01,1980,02,-5.5,-13.7,-9.6,0,35.4,32.4
1980-03-01,1980,03,1.7,-6.9,-2.6,48.8,30.6,80.2
1980-04-01,1980,04,11.3,2.5,6.9,88.2,1,89.2
1980-05-01,1980,05,19.2,8.1,13.7,52.4,0,52.4
1980-06-01,1980,06,21.2,10.7,16,60.8,0,60.8
1980-07-01,1980,07,25.9,15.7,20.8,139.4,0,139.4
1980-08-01,1980,08,25.8,15.7,20.8,45.2,0,45.2
1980-09-01,1980,09,18.9,9,14,81.6,0,81.6
1980-10-01,1980,10,10.1,2.3,6.2,99.8,0.6,100.4
1980-11-01,1980,11,2.4,-3.7,-0.7,31.8,16,47.8
1980-12-01,1980,12,-7.4,-17.4,-12.4,25.4,60.8,86.2
1981-01-01,1981,01,-9.4,-19.8,-14.6,3,37.6,30.4
1981-02-01,1981,02,1.3,-6.6,-2.7,60.2,20,80.6
1981-03-01,1981,03,4,-3.8,0.1,17.2,18.6,36.2
1981-04-01,1981,04,12.7,2.1,7.4,56.2,0.8,57
1981-05-01,1981,05,18.2,7.4,12.8,143.6,0,143.6
1981-06-01,1981,06,23.1,13.4,18.3,148.4,0,148.4
1981-07-01,1981,07,25.9,15.6,20.8,71.6,0,71.6
1981-08-01,1981,08,24.3,13.8,19.1,118.4,0,118.4
1981-09-01,1981,09,17.8,10.1,14,137.2,0,137.2
1981-10-01,1981,10,10.2,1.6,5.9,108.6,9.2,117.6
1981-11-01,1981,11,5.2,-1.5,1.9,45.4,9,54
1981-12-01,1981,12,-0.9,-6.6,-3.8,1,31.6,32.8
1982-01-01,1982,01,-10.5,-20.3,-15.4,17.6,50.4,61.4
1982-02-01,1982,02,-5.1,-14.4,-9.8,0,31.4,30.6
1982-03-01,1982,03,1.5,-8.8,-3.7,25.8,38.4,60
1982-04-01,1982,04,9.5,-0.5,4.5,55.6,1.4,57
1982-05-01,1982,05,21,9.4,15.2,50.4,0,50.4
1982-06-01,1982,06,21.8,11.8,16.8,82.2,0,82.2
1982-07-01,1982,07,27.3,14,20.7,60,0,60
1982-08-01,1982,08,22.8,11.9,17.4,82.6,0,82.6
1982-09-01,1982,09,19.9,9.8,14.9,107.6,0,107.6
1982-10-01,1982,10,14.1,4.2,9.2,37.2,0,37.2
1982-11-01,1982,11,6.6,-1,2.8,112.6,5.6,113.8
1982-12-01,1982,12,0.4,-7.1,-3.4,69.6,18.6,82.4
1983-01-01,1983,01,-4.6,-12.4,-8.5,31.4,31.8,64.4
1983-02-01,1983,02,-2,-11.4,-6.7,31,21.6,52.6
1983-03-01,1983,03,2.7,-5,-1.2,39.6,11.6,61.8
1983-04-01,1983,04,9.2,-0.4,4.4,65,12.8,78
1983-05-01,1983,05,15.7,6.2,11,136.4,0,136.4
1983-06-01,1983,06,25.3,12.8,19.1,79.8,0,79.8
1983-07-01,1983,07,27.5,16.1,21.8,80.6,0,80.6
1983-08-01,1983,08,26.5,15.3,20.9,23.4,0,23.4
1983-09-01,1983,09,23.4,11,17.2,52,0,52
1983-10-01,1983,10,12.5,3.9,8.2,138.4,0,138.4
1983-11-01,1983,11,4.5,-1.3,1.6,72.6,38,110.6
1983-12-01,1983,12,-5,-12.5,-8.8,40.9,89.2,115.5
1984-01-01,1984,01,-8.2,-17.8,-13,0,31.7,31.7
1984-02-01,1984,02,-0.3,-8.5,-4.4,30.2,51.6,81.8
1984-03-01,1984,03,-2.1,-12,-7.1,10.1,17.8,27.9
1984-04-01,1984,04,12.2,2.5,7.4,113,0,113
1984-05-01,1984,05,15.9,6.3,11.1,114.6,0,114.6
1984-06-01,1984,06,24.8,13,18.9,58.3,0,58.3
1984-07-01,1984,07,26.3,15.2,20.8,58.7,0,58.7
1984-08-01,1984,08,26.4,15.8,21.1,196.2,0,196.2
1984-09-01,1984,09,18.8,8.4,13.6,16.3,0,16.3
1984-10-01,1984,10,14.4,4.7,9.6,64.1,0,64.1
1984-11-01,1984,11,5.7,-1.9,1.9,72.1,2.5,74.6
1984-12-01,1984,12,-0.2,-8.2,-4.2,24.8,81.7,106.5
1985-01-01,1985,01,-9.7,-17.7,-13.7,0.2,54.2,54.4
1985-02-01,1985,02,-3.2,-13.1,-8.2,32.2,21.4,53.6
1985-03-01,1985,03,2.8,-6.8,-2,49.2,30,79.2
1985-04-01,1985,04,11.2,1.2,6.2,42.3,10.6,55.7
1985-05-01,1985,05,19.5,7.7,13.6,66.5,0,66.5
1985-06-01,1985,06,21.4,11.4,16.4,93,0,93
1985-07-01,1985,07,25.9,14.3,20.1,68.3,0,68.3
1985-08-01,1985,08,25.2,13.8,19.5,47.1,0,47.1
1985-09-01,1985,09,22,10.5,16.3,70.4,0,70.4
1985-10-01,1985,10,13.6,5.1,9.4,81,0,81
1985-11-01,1985,11,4.1,-1.7,1.2,46.4,14.4,61.1
1985-12-01,1985,12,-4.6,-12,-8.3,12.2,41,42.4
1986-01-01,1986,01,-5.5,-13.9,-9.7,20.4,32.2,46
1986-02-01,1986,02,-4.8,-13.4,-9.1,12.1,18,27.9
1986-03-01,1986,03,3.9,-5.9,-1,22.6,29.5,52.1
1986-04-01,1986,04,15,3.6,9.3,30.9,2.6,33.5
1986-05-01,1986,05,19.5,9.4,14.5,185.6,0,185.6
1986-06-01,1986,06,21.9,11.2,16.6,101.2,0,101.2
1986-07-01,1986,07,24.7,14.7,19.7,120.8,0,120.8
1986-08-01,1986,08,22.9,12.9,17.9,114.6,0,114.6
1986-09-01,1986,09,18.1,9.2,13.7,168.1,0,168.1
1986-10-01,1986,10,12,3.7,7.9,63,0,63
1986-11-01,1986,11,3,-3.3,-0.2,23.3,19.6,41.7
1986-12-01,1986,12,-1,-7.8,-4.4,51.2,30.8,85.8
1987-01-01,1987,01,-4.7,-12.4,-8.6,0,43.2,39.7
1987-02-01,1987,02,-4.3,-14.8,-9.6,3.1,27.6,27.1
1987-03-01,1987,03,5.5,-4.5,0.5,47.4,14.4,62.4
1987-04-01,1987,04,14.9,4.2,9.6,58.8,7.2,66
1987-05-01,1987,05,18.5,7.7,13.1,79.5,0,79.5
1987-06-01,1987,06,24,13.2,18.6,90.8,0,90.8
1987-07-01,1987,07,27.2,16.3,21.8,58.8,0,58.8
1987-08-01,1987,08,24.9,12.9,18.9,37.2,0,37.2
1987-09-01,1987,09,19.6,10.3,15,132.3,0,132.3
1987-10-01,1987,10,11,2.4,6.7,56.8,4.2,61
1987-11-01,1987,11,4.6,-2.9,0.9,66.9,32.6,99.9
1987-12-01,1987,12,-0.5,-6.3,-3.4,17.5,43.6,59.4
1988-01-01,1988,01,-3.9,-13.1,-8.5,16.9,22.6,35.7
1988-02-01,1988,02,-3.7,-13,-8.4,4.5,64.9,69.5
1988-03-01,1988,03,0.9,-7.7,-3.4,21.3,5.6,26.5
1988-04-01,1988,04,10.3,2,6.2,85.1,7.1,92.2
1988-05-01,1988,05,20.4,9.2,14.8,25.5,0,25.5
1988-06-01,1988,06,23.9,12,18,105.9,0,105.9
1988-07-01,1988,07,28.4,17,22.7,50.9,0,50.9
1988-08-01,1988,08,25.1,15.7,20.4,171.1,0,171.1
1988-09-01,1988,09,19.4,9.1,14.3,48.2,0,48.2
1988-10-01,1988,10,9.9,2.2,6.1,78.5,22.8,101.3
1988-11-01,1988,11,6.4,-0.1,3.2,71,4.8,76.2
1988-12-01,1988,12,-3,-11,-7,7.5,27,33.1
1989-01-01,1989,01,-3,-13,-8,8.9,42,50.9
1989-02-01,1989,02,-4.7,-14.1,-9.4,0.2,28.8,28.9
1989-03-01,1989,03,0,-9.6,-4.8,21.6,40.4,62
1989-04-01,1989,04,10,-0.2,4.9,18.7,0.6,19.5
1989-05-01,1989,05,19.5,8.9,14.2,91.5,0,91.5
1989-06-01,1989,06,23.8,14,18.9,105.1,0,105.1
1989-07-01,1989,07,28,15.7,21.9,59.4,0,59.4
1989-08-01,1989,08,24.9,14.2,19.6,51.7,0,51.7
1989-09-01,1989,09,20.8,9.9,15.4,93.2,0,93.2
1989-10-01,1989,10,14.4,4.1,9.3,93.7,2,96.3
1989-11-01,1989,11,3.3,-4.3,-0.5,91.9,31.2,123.4
1989-12-01,1989,12,-11.9,-21,-16.5,5.8,47.4,35.2
1990-01-01,1990,01,-0.5,-7.9,-4.2,25.7,47.8,66.9
1990-02-01,1990,02,-2.2,-11.8,-7,19.9,37.8,58.4
1990-03-01,1990,03,2.5,-6,-1.8,17.6,11.6,30.4
1990-04-01,1990,04,12.5,2.8,7.7,67,10.8,80.9
1990-05-01,1990,05,17.9,6.1,12,54.3,0,54.3
1990-06-01,1990,06,23.9,13.7,18.8,36.7,0,36.7
1990-07-01,1990,07,27.1,15.9,21.5,135,0,135
1990-08-01,1990,08,25.7,14.8,20.3,117,0,117
1990-09-01,1990,09,18.3,9.3,13.8,96,0,96
1990-10-01,1990,10,12.5,4,8.3,100.3,1,101.7
1990-11-01,1990,11,6.4,-1.5,2.5,68.5,7.6,75.5
1990-12-01,1990,12,-0.6,-8.9,-4.8,76.9,55.4,123.9
1991-01-01,1991,01,-5.2,-14.8,-10,2,58.2,49.4
1991-02-01,1991,02,-0.9,-10.4,-5.7,10.6,33.8,38.3
1991-03-01,1991,03,3,-4.9,-1,42.9,22.7,73.7
1991-04-01,1991,04,13.5,3.5,8.5,131,0,131
1991-05-01,1991,05,21.3,9.8,15.6,79.9,0,79.9
1991-06-01,1991,06,25.9,13.5,19.7,20.5,0,20.5
1991-07-01,1991,07,28,15.2,21.7,48.4,0,48.4
1991-08-01,1991,08,26.6,15.8,21.2,83.3,0,83.3
1991-09-01,1991,09,19.2,8.1,13.7,80.4,0,80.4
1991-10-01,1991,10,14.2,4.9,9.6,108.8,0,108.8
1991-11-01,1991,11,6.1,-1.6,2.3,41.8,0.8,42.6
1991-12-01,1991,12,-3.2,-11.6,-7.4,9.2,54.7,63.9
1992-01-01,1992,01,-6.6,-14.9,-10.7,56.1,32.4,84.2
1992-02-01,1992,02,-5,-13.4,-9.2,8,90.1,76.5
1992-03-01,1992,03,-0.7,-11.1,-5.9,57.2,32.2,85
1992-04-01,1992,04,9.5,0.8,5.2,24.4,15.4,42.6
1992-05-01,1992,05,19.4,7.1,13.3,63.6,0,63.6
1992-06-01,1992,06,22.6,11.8,17.2,52.4,0,52.4
1992-07-01,1992,07,22.9,13.2,18.1,154.8,0,154.8
1992-08-01,1992,08,23.1,13.3,18.2,105.4,0,105.4
1992-09-01,1992,09,19.4,9.7,14.5,68.8,0,68.8
1992-10-01,1992,10,10.7,2.2,6.4,42.2,3,45.2
1992-11-01,1992,11,4.7,-1.4,1.7,83.4,11.2,91.7
1992-12-01,1992,12,-1.4,-7.9,-4.7,14.1,28,38.1
1993-01-01,1993,01,-5.1,-12.5,-8.8,65.5,54.6,115.2
1993-02-01,1993,02,-7.8,-18.8,-13.3,0,61.7,56.4
1993-03-01,1993,03,1.4,-8.7,-3.7,9.7,55.6,69.6
1993-04-01,1993,04,9.9,1.4,5.6,117.3,15.8,134.9
1993-05-01,1993,05,18.8,8.3,13.6,88,0,88
1993-06-01,1993,06,22.6,12.3,17.5,92.7,0,92.7
1993-07-01,1993,07,26.6,16.5,21.5,63.8,0,63.8
1993-08-01,1993,08,26.7,14.9,20.8,44.3,0,44.3
1993-09-01,1993,09,18.2,8.9,13.6,96.2,0,96.2
1993-10-01,1993,10,11.1,2.7,6.9,104.7,4.2,108.8
1993-11-01,1993,11,4.5,-2.4,1.1,89.6,2.5,91.7
1993-12-01,1993,12,-2.8,-9.7,-6.3,17.2,36.6,57.7
1994-01-01,1994,01,-12.8,-22.1,-17.5,17.6,67.5,80.2
1994-02-01,1994,02,-7.2,-16.4,-11.8,0,47.5,37.2
1994-03-01,1994,03,2.1,-7.6,-2.8,10,51,57
1994-04-01,1994,04,10.9,0.6,5.8,68,13.4,81.2
1994-05-01,1994,05,18.3,6.5,12.4,80,0.4,80.4
1994-06-01,1994,06,24.6,13.8,19.2,133.8,0,133.8
1994-07-01,1994,07,26.6,16.2,21.5,98.7,0,98.7
1994-08-01,1994,08,23.4,13.3,18.4,121.5,0,121.5
1994-09-01,1994,09,20.1,10.5,15.4,59.3,0,59.3
1994-10-01,1994,10,14.5,4,9.3,23.2,0,23.2
1994-11-01,1994,11,8.1,0,4.1,78.2,11,89.8
1994-12-01,1994,12,-0.4,-7.4,-3.9,17.2,31.7,47.2
1995-01-01,1995,01,-2.8,-9.9,-6.4,64.7,43.2,112.7
1995-02-01,1995,02,-5.2,-14.2,-9.7,0,22.9,23.7
1995-03-01,1995,03,5.7,-4.3,0.7,17.8,7.6,26
1995-04-01,1995,04,8.8,-0.6,4.1,48.6,2.9,51
1995-05-01,1995,05,19,8,13.5,82.9,0,82.9
1995-06-01,1995,06,26.5,14.2,20.4,95.3,0,95.3
1995-07-01,1995,07,27.2,16.7,22,134.4,0,134.4
1995-08-01,1995,08,25.9,14.9,20.4,91.7,0,91.7
1995-09-01,1995,09,18.9,7.1,13,46.6,0,46.6
1995-10-01,1995,10,15.2,6.4,10.8,187.6,0.2,187.8
1995-11-01,1995,11,1.8,-5.4,-1.8,30,93.8,118.6
1995-12-01,1995,12,-5.5,-12.8,-9.2,5.8,64,67.7
1996-01-01,1996,01,-6.3,-16.2,-11.3,27,42.5,66.7
1996-02-01,1996,02,-4.1,-13.7,-8.9,49.7,16.4,69
1996-03-01,1996,03,1.2,-7.8,-3.3,3.5,17,21.5
1996-04-01,1996,04,8.8,0.6,4.7,80,13.8,98.6
1996-05-01,1996,05,18.1,6.4,12.3,52.8,0.4,53.2
1996-06-01,1996,06,23.8,14.4,19.1,89.2,0,89.2
1996-07-01,1996,07,25.1,15,20.1,149.1,0,149.1
1996-08-01,1996,08,26,14.3,20.2,86.8,0,86.8
1996-09-01,1996,09,21.1,12,16.6,124.4,0,124.4
1996-10-01,1996,10,12.2,4.1,8.2,87.2,0,87.2
1996-11-01,1996,11,2.4,-3.6,-0.6,57,7,62.8
1996-12-01,1996,12,0.3,-4.5,-2.1,48.6,50.6,96.2
1997-01-01,1997,01,-6.1,-15.7,-10.9,23.7,79,88.3
1997-02-01,1997,02,-2.8,-12.4,-7.6,67.8,36.8,102
1997-03-01,1997,03,0.4,-9.5,-4.6,17.8,66.2,73.1
1997-04-01,1997,04,10.6,0.2,5.5,42.2,6.4,50.2
1997-05-01,1997,05,15.4,5.8,10.6,68.8,0,68.8
1997-06-01,1997,06,26.3,14,20.2,49.4,0,49.4
1997-07-01,1997,07,26.6,15.3,21,56.2,0,56.2
1997-08-01,1997,08,24.7,12.9,18.8,56.9,0,56.9
1997-09-01,1997,09,19.2,10,14.6,95,0,95
1997-10-01,1997,10,12.3,2.6,7.5,11,28.4,36.6
1997-11-01,1997,11,3.5,-3.1,0.2,37.4,36.6,71.4
1997-12-01,1997,12,-2.4,-9.2,-5.8,1.8,25.9,25.1
1998-01-01,1998,01,-3.6,-11.2,-7.4,64,54.3,117.7
1998-02-01,1998,02,1.2,-7.8,-3.3,15.9,6.6,22.5
1998-03-01,1998,03,3.6,-4.6,-0.5,76.2,52.5,112.1
1998-04-01,1998,04,14.8,2.8,8.9,42.4,0,42.4
1998-05-01,1998,05,23.6,11.4,17.5,34.2,0,34.2
1998-06-01,1998,06,24.1,14.5,19.3,139.1,0,139.1
1998-07-01,1998,07,26.2,15.4,20.9,60.6,0,60.6
1998-08-01,1998,08,26,15.1,20.6,57.5,0,57.5
1998-09-01,1998,09,21.5,10.4,16,84.2,0,84.2
1998-10-01,1998,10,14.6,5.4,10,59.2,0,59.2
1998-11-01,1998,11,6.6,0.6,3.6,49.4,0.2,49.6
1998-12-01,1998,12,1.4,-6.4,-2.5,47.1,17.2,62.5
1999-01-01,1999,01,-5.4,-14.6,-10,42.2,58.5,97.2
1999-02-01,1999,02,-0.9,-10.5,-5.7,18.4,19.3,37.7
1999-03-01,1999,03,2.2,-7.1,-2.4,11.9,70.3,85.4
1999-04-01,1999,04,12.4,1.7,7.1,20.5,0,20.5
1999-05-01,1999,05,23,9.7,16.4,39.5,0,39.5
1999-06-01,1999,06,26.8,15.1,21,48.7,0,48.7
1999-07-01,1999,07,28.4,17.1,22.8,123.3,0,123.3
1999-08-01,1999,08,25.3,13.7,19.5,35.3,0,35.3
1999-09-01,1999,09,23.1,12.1,17.6,136.5,0,136.5
1999-10-01,1999,10,12.6,3.5,8.1,61.6,0,61.6
1999-11-01,1999,11,8.7,1.4,5.1,76.5,1.2,77.7
1999-12-01,1999,12,0,-7.1,-3.6,48.6,22.4,67.1
2000-01-01,2000,01,-5.2,-14,-9.6,28.1,23.3,48.5
2000-02-01,2000,02,-1.3,-11.9,-6.6,5,53.8,40.7
2000-03-01,2000,03,6.9,-2.1,2.4,52.5,14.5,67.5
2000-04-01,2000,04,10.1,1,5.6,72.8,22.8,96.8
2000-05-01,2000,05,18.6,8.4,13.6,115.7,0,115.7
2000-06-01,2000,06,22.3,12.7,17.5,171.3,0,171.3
2000-07-01,2000,07,24.6,14.7,19.6,69.3,0,69.3
2000-08-01,2000,08,24.5,14.7,19.6,103.7,0,103.7
2000-09-01,2000,09,19.2,9.1,14.2,85.1,0,85.1
2000-10-01,2000,10,14,4.7,9.4,30,0,30
2000-11-01,2000,11,5.8,-1.2,2.3,71.3,4.5,75.9
2000-12-01,2000,12,-6.5,-13.5,-10.1,19,85.4,82.9
2001-01-01,2001,01,-4.5,-13.9,-9.2,0,52.8,35.3
2001-02-01,2001,02,-3.8,-13.5,-8.7,26.7,39.1,58.6
2001-03-01,2001,03,1.5,-7.1,-2.8,10.3,29.3,41.1
2001-04-01,2001,04,12.5,1.4,7,11.6,1.1,12.7
2001-05-01,2001,05,20.4,9.2,14.8,95.6,0,95.6
2001-06-01,2001,06,25.4,14.5,19.9,78,0,78
2001-07-01,2001,07,25.8,14.7,20.3,40.8,0,40.8
2001-08-01,2001,08,28.9,16.1,22.6,37.7,0,37.7
2001-09-01,2001,09,22.1,11.1,16.6,88.1,0,88.1
2001-10-01,2001,10,14.1,5.7,10,103,0,103
2001-11-01,2001,11,8.9,1.6,5.2,76.7,5,81.7
2001-12-01,2001,12,2.5,-3.9,-0.7,52.1,28.9,81
2002-01-01,2002,01,-0.6,-7.9,-4.3,6.4,32.4,38.8
2002-02-01,2002,02,-1,-10.8,-5.9,16.6,27,43.6
2002-03-01,2002,03,1.7,-6.8,-2.6,31.2,41.8,73
2002-04-01,2002,04,11.5,2.5,7.1,62.8,19.5,82.3
2002-05-01,2002,05,16.6,6.4,11.5,105.8,0,105.8
2002-06-01,2002,06,22.5,12.5,17.5,188.8,0,190
2002-07-01,2002,07,27.1,17.1,22.1,49.2,0,49.2
2002-08-01,2002,08,27.1,15.3,21.2,43.2,0,43.2
2002-09-01,2002,09,24.4,11.7,18.1,54.7,0,54.7
2002-10-01,2002,10,11.9,3.9,7.9,87.1,0,87.1
2002-11-01,2002,11,4,-2.5,0.8,28.7,44.1,72.8
2002-12-01,2002,12,-1.7,-9.1,-5.4,9.9,17.5,27.4
2003-01-01,2003,01,-8.5,-16.7,-12.6,0.5,33.1,33.6
2003-02-01,2003,02,-6.2,-16,-11.2,13.9,38.5,52.4
2003-03-01,2003,03,1.5,-8.3,-3.4,40.4,42.9,83.3
2003-04-01,2003,04,9.2,-0.7,4.3,35.5,13.4,45.3
2003-05-01,2003,05,18.5,8.4,13.5,152.9,0,152.9
2003-06-01,2003,06,24.5,13.6,19,52.6,0,52.6
2003-07-01,2003,07,26.2,15.7,21,113.9,0,113.9
2003-08-01,2003,08,26.2,16.7,21.5,97.2,0,97.2
2003-09-01,2003,09,22.5,11.9,17.2,74,0,74
2003-10-01,2003,10,12,3.2,7.6,145.4,0,145.4
2003-11-01,2003,11,6.3,-0.8,2.8,95.1,12.9,105.2
2003-12-01,2003,12,-1,-7.7,-4.4,89.4,23.3,112.7
2004-01-01,2004,01,-11.1,-18.2,-14.7,2.6,40,30.7
2004-02-01,2004,02,-2.4,-12.1,-7.3,0,30.8,28.2
2004-03-01,2004,03,4.6,-3.7,0.5,57.4,15,72
2004-04-01,2004,04,11.3,1.3,6.3,67.3,9,76.3
2004-05-01,2004,05,18.7,8.2,13.5,98.2,0,98.2
2004-06-01,2004,06,23.2,12,17.6,75.2,0,75.2
2004-07-01,2004,07,25.8,15.8,20.8,65.9,0,65.9
2004-08-01,2004,08,23.8,14,18.9,84.1,0,84.1
2004-09-01,2004,09,22.3,10.9,16.7,137.7,0,137.7
2004-10-01,2004,10,14.2,4.1,9.2,71.7,0,71.7
2004-11-01,2004,11,6.3,-1.6,2.4,79.8,6.4,86.2
2004-12-01,2004,12,-3.6,-12.5,-8.1,46.7,48.7,93.5
2005-01-01,2005,01,-7.1,-15.9,-11.5,16.9,29.3,43.1
2005-02-01,2005,02,-1.6,-11.7,-6.7,8.4,29.5,37.9
2005-03-01,2005,03,2,-8.6,-3.3,9,19,28
2005-04-01,2005,04,12.7,1.9,7.3,134.8,4,138.8
2005-05-01,2005,05,17.3,6.1,11.7,38.7,0,38.7
2005-06-01,2005,06,27,15.8,21.4,107.2,0,107.2
2005-07-01,2005,07,27.9,17.2,22.6,94.8,0,94.8
2005-08-01,2005,08,27.3,16,21.7,75.1,0,75.1
2005-09-01,2005,09,23.1,12.2,17.7,101.9,0,101.9
2005-10-01,2005,10,14,6.1,10.1,89.3,0,89.3
2005-11-01,2005,11,6.5,-1,2.8,91,12.5,103.5
2005-12-01,2005,12,-2.3,-9,-5.7,34.3,47,81.3
2006-01-01,2006,01,-0.3,-8.9,-4.6,55.9,55.9,111.8
2006-02-01,2006,02,-3,-11.5,-7.3,30,25.5,55.5
2006-03-01,2006,03,3.7,-5.5,-0.9,27.3,0.5,27.8
2006-04-01,2006,04,13.2,2.2,7.7,63.4,1.8,65.2
2006-05-01,2006,05,19.9,9.5,14.7,107,0,107
2006-06-01,2006,06,24.4,14.3,19.4,113.8,0,113.8
2006-07-01,2006,07,27.7,17.1,22.4,107,0,107
2006-08-01,2006,08,24.9,14.1,19.6,96.5,0,96.5
2006-09-01,2006,09,19.3,9.6,14.5,156.2,0,156.2
2006-10-01,2006,10,11.5,3.7,7.6,126.7,0,126.7
2006-11-01,2006,11,8,0.9,4.5,97.9,0,97.9
2006-12-01,2006,12,2.4,-4.5,-1.1,60.9,25.7,86.6
